SalesKey,InvoiceID,ClusterID
1,D750,2
2,D226,4
3,D631,2
4,D123,2
5,D373,1
6,D699,1
7,D355,1
8,D315,2
9,D665,4
10,D692,3
11,D351,3
12,D529,3
13,D365,3
14,D252,2
15,D829,1
16,D299,1
17,D656,1
18,D765,2
19,D329,4
20,D319,3
21,D300,1
22,D371,3
23,D273,3
24,D636,4
25,D549,3
26,D227,2
27,D649,3
28,D189,4
29,D145,2
30,D848,2
31,D871,1
32,D149,1
33,D640,1
34,D595,3
35,D183,4
36,D232,3
37,D129,3
38,D272,1
39,D333,2
40,D777,2
41,D280,4
42,D554,3
43,D354,1
44,D228,2
45,D617,4
46,D132,4
47,D370,2
48,D727,1
49,D669,4
50,D574,2
51,D326,2
52,D162,4
53,D616,3
54,D778,3
55,D242,3
56,D399,2
57,D106,3
58,D635,1
59,D817,1
60,D120,4
61,D285,4
62,D803,2
63,D347,2
64,D199,2
65,D853,4
66,D877,1
67,D838,3
68,D109,2
69,D232,1
70,D382,3
71,D393,2
72,D796,1
73,D510,3
74,D841,2
75,D287,2
76,D732,1
77,D263,2
78,D381,1
79,D829,1
80,D756,3
81,D870,1
82,D847,3
83,D480,2
84,D787,4
85,D360,3
86,D730,1
87,D362,2
88,D633,2
89,D504,3
90,D318,1
91,D565,4
92,D225,2
93,D873,3
94,D152,2
95,D512,3
96,D594,4
97,D766,1
98,D871,3
99,D865,4
100,D733,2
101,D163,3
102,D189,1
103,D551,1
104,D212,2
105,D716,2
106,D704,1
107,D628,4
108,D630,2
109,D588,1
110,D861,2
111,D479,3
112,D210,4
113,D227,2
114,D645,1
115,D237,2
116,D225,4
117,D291,3
118,D659,3
119,D642,1
120,D378,3
121,D638,1
122,D659,1
123,D219,1
124,D336,1
125,D268,2
126,D668,1
127,D870,4
128,D189,1
129,D663,2
130,D549,1
131,D191,2
132,D802,2
133,D695,4
134,D590,2
135,D483,1
136,D597,3
137,D700,4
138,D354,4
139,D241,2
140,D575,2
141,D731,1
142,D280,2
143,D338,2
144,D488,4
145,D239,2
146,D458,2
147,D685,2
148,D568,3
149,D262,1
150,D238,1
151,D608,3
152,D584,2
153,D746,2
154,D214,4
155,D400,2
156,D782,2
157,D279,3
158,D307,4
159,D743,1
160,D423,2
161,D894,2
162,D275,3
163,D101,2
164,D423,3
165,D548,1
166,D505,1
167,D234,1
168,D687,2
169,D796,3
170,D105,2
171,D249,3
172,D316,2
173,D733,3
174,D608,2
175,D414,2
176,D827,2
177,D175,2
178,D139,3
179,D407,1
180,D342,4
181,D130,1
182,D434,2
183,D851,2
184,D824,1
185,D586,3
186,D895,4
187,D305,2
188,D732,3
189,D400,4
190,D593,3
191,D284,4
192,D437,3
193,D286,2
194,D641,3
195,D831,4
196,D556,3
197,D848,3
198,D856,3
199,D699,4
200,D420,3
201,D606,3
202,D542,3
203,D426,2
204,D875,2
205,D394,3
206,D749,2
207,D672,2
208,D263,2
209,D573,3
210,D817,1
211,D888,1
212,D677,2
213,D142,1
214,D656,3
215,D891,3
216,D802,4
217,D560,4
218,D319,3
219,D549,2
220,D790,4
221,D239,3
222,D468,1
223,D389,4
224,D279,4
225,D213,3
226,D746,4
227,D836,1
228,D583,4
229,D466,1
230,D721,2
231,D289,3
232,D545,4
233,D418,2
234,D269,3
235,D157,1
236,D645,3
237,D211,3
238,D755,4
239,D346,3
240,D478,3
241,D540,1
242,D448,3
243,D142,3
244,D217,3
245,D376,2
246,D530,1
247,D866,3
248,D604,3
249,D799,4
250,D785,1
251,D845,1
252,D662,2
253,D883,4
254,D290,3
255,D704,2
256,D110,4
257,D366,4
258,D729,4
259,D151,3
260,D380,3
261,D850,1
262,D821,3
263,D655,3
264,D447,1
265,D154,4
266,D253,2
267,D808,3
268,D571,2
269,D144,3
270,D731,2
271,D783,3
272,D687,4
273,D126,2
274,D633,3
275,D477,2
276,D566,1
277,D526,2
278,D376,3
279,D537,1
280,D828,2
281,D136,1
282,D523,4
283,D490,3
284,D667,2
285,D565,4
286,D498,4
287,D593,3
288,D226,2
289,D283,1
290,D430,1
291,D139,2
292,D558,3
293,D278,3
294,D316,4
295,D585,1
296,D211,4
297,D727,3
298,D744,1
299,D307,3
300,D779,4
301,D446,3
302,D573,3
303,D735,3
304,D439,3
305,D396,2
306,D411,1
307,D286,2
308,D803,1
309,D512,3
310,D848,4
311,D532,1
312,D181,4
313,D870,3
314,D423,1
315,D227,1
316,D174,3
317,D428,4
318,D603,3
319,D704,2
320,D787,4
321,D649,1
322,D622,4
323,D372,4
324,D563,3
325,D746,4
326,D276,3
327,D815,1
328,D719,4
329,D730,3
330,D340,4
331,D868,2
332,D634,4
333,D566,3
334,D442,4
335,D835,4
336,D527,4
337,D898,2
338,D692,1
339,D633,4
340,D374,2
341,D378,4
342,D433,2
343,D873,2
344,D416,2
345,D150,3
346,D135,2
347,D441,4
348,D725,1
349,D531,3
350,D400,1
351,D860,1
352,D834,1
353,D115,2
354,D565,1
355,D320,4
356,D889,4
357,D632,2
358,D554,1
359,D453,3
360,D578,3
361,D612,2
362,D605,2
363,D471,4
364,D462,2
365,D272,4
366,D834,4
367,D122,1
368,D468,3
369,D613,1
370,D254,2
371,D201,2
372,D261,3
373,D730,1
374,D382,4
375,D422,4
376,D667,2
377,D843,2
378,D743,2
379,D595,4
380,D182,3
381,D289,4
382,D462,3
383,D868,2
384,D153,3
385,D662,4
386,D525,3
387,D689,3
388,D725,2
389,D394,2
390,D596,3
391,D541,4
392,D173,2
393,D563,4
394,D308,1
395,D885,4
396,D726,3
397,D316,3
398,D760,1
399,D793,4
400,D346,2
401,D110,4
402,D651,3
403,D236,4
404,D831,4
405,D587,1
406,D882,4
407,D732,4
408,D725,3
409,D256,3
410,D372,3
411,D244,1
412,D569,3
413,D132,4
414,D696,3
415,D472,2
416,D268,4
417,D750,4
418,D186,4
419,D848,4
420,D745,2
421,D266,4
422,D740,4
423,D271,2
424,D301,2
425,D489,3
426,D198,2
427,D269,2
428,D650,4
429,D741,3
430,D325,1
431,D286,3
432,D574,3
433,D459,3
434,D616,2
435,D837,3
436,D751,2
437,D257,4
438,D345,4
439,D549,3
440,D810,1
441,D450,4
442,D394,1
443,D138,1
444,D192,4
445,D301,4
446,D390,4
447,D235,2
448,D453,3
449,D296,3
450,D449,4
451,D891,1
452,D744,4
453,D727,3
454,D568,3
455,D187,3
456,D767,3
457,D710,1
458,D533,1
459,D325,2
460,D729,4
461,D639,3
462,D234,2
463,D326,3
464,D320,3
465,D470,4
466,D878,2
467,D440,2
468,D554,3
469,D746,4
470,D233,4
471,D767,1
472,D340,4
473,D405,1
474,D731,1
475,D676,3
476,D502,3
477,D485,3
478,D598,3
479,D701,1
480,D575,3
481,D541,2
482,D246,1
483,D674,3
484,D305,1
485,D493,2
486,D438,3
487,D709,2
488,D795,4
489,D556,3
490,D627,2
491,D686,4
492,D510,2
493,D608,2
494,D148,2
495,D437,4
496,D632,1
497,D556,4
498,D862,1
499,D401,4
500,D420,2
501,D277,3
502,D573,4
503,D620,4
504,D282,3
505,D511,4
506,D726,2
507,D387,3
508,D862,2
509,D291,3
510,D602,3
511,D347,1
512,D209,3
513,D595,2
514,D189,2
515,D503,2
516,D413,4
517,D425,4
518,D521,4
519,D220,4
520,D600,3
521,D734,4
522,D451,2
523,D609,3
524,D133,3
525,D534,2
526,D719,2
527,D286,4
528,D339,3
529,D827,1
530,D827,2
531,D287,3
532,D435,1
533,D857,2
534,D236,2
535,D892,3
536,D583,4
537,D339,3
538,D643,3
539,D308,3
540,D358,1
541,D460,4
542,D343,4
543,D173,3
544,D243,3
545,D841,4
546,D701,3
547,D647,2
548,D541,1
549,D539,3
550,D213,2
551,D747,3
552,D582,2
553,D210,2
554,D399,4
555,D134,3
556,D356,4
557,D198,4
558,D283,1
559,D712,3
560,D218,4
561,D174,2
562,D866,1
563,D134,1
564,D760,1
565,D514,4
566,D698,1
567,D718,2
568,D651,2
569,D241,1
570,D408,1
571,D834,2
572,D343,2
573,D239,4
574,D355,4
575,D550,2
576,D339,1
577,D458,3
578,D592,3
579,D797,4
580,D207,4
581,D390,4
582,D443,4
583,D339,4
584,D359,4
585,D375,3
586,D127,4
587,D278,4
588,D695,4
589,D379,1
590,D227,3
591,D302,3
592,D788,2
593,D560,4
594,D880,3
595,D585,3
596,D470,4
597,D152,4
598,D123,1
599,D258,4
600,D334,4
601,D219,3
602,D881,3
603,D373,1
604,D642,2
605,D484,1
606,D830,4
607,D559,1
608,D544,3
609,D318,3
610,D349,4
611,D421,3
612,D277,1
613,D789,4
614,D284,4
615,D443,1
616,D509,1
617,D327,2
618,D840,1
619,D828,1
620,D641,2
621,D420,4
622,D436,4
623,D670,1
624,D852,1
625,D598,3
626,D135,4
627,D816,4
628,D628,1
629,D856,4
630,D308,4
631,D149,1
632,D655,3
633,D589,3
634,D420,3
635,D182,3
636,D188,1
637,D610,3
638,D318,3
639,D364,4
640,D665,4
641,D695,3
642,D155,1
643,D794,3
644,D131,1
645,D273,3
646,D706,2
647,D778,2
648,D574,3
649,D859,3
650,D740,2
651,D369,2
652,D563,2
653,D742,1
654,D149,1
655,D133,4
656,D169,3
657,D250,4
658,D562,4
659,D816,3
660,D491,3
661,D322,4
662,D842,4
663,D725,1
664,D641,2
665,D714,4
666,D518,4
667,D779,4
668,D190,3
669,D408,3
670,D679,3
671,D588,1
672,D642,3
673,D576,3
674,D556,2
675,D811,1
676,D242,3
677,D752,2
678,D274,3
679,D648,2
680,D130,2
681,D528,3
682,D320,3
683,D370,2
684,D105,3
685,D510,3
686,D241,3
687,D767,4
688,D648,1
689,D173,3
690,D305,4
691,D394,1
692,D266,1
693,D689,2
694,D196,2
695,D372,2
696,D800,1
697,D182,3
698,D826,3
699,D868,2
700,D751,2
701,D626,2
702,D176,3
703,D191,1
704,D729,2
705,D640,1
706,D186,2
707,D834,4
708,D162,3
709,D760,2
710,D445,3
711,D786,2
712,D728,4
713,D183,1
714,D268,1
715,D735,2
716,D258,3
717,D857,1
718,D482,4
719,D788,4
720,D821,3
721,D418,2
722,D678,1
723,D776,4
724,D592,2
725,D434,4
726,D149,2
727,D442,3
728,D174,2
729,D210,3
730,D299,2
731,D247,3
732,D635,3
733,D756,4
734,D438,2
735,D238,3
736,D607,1
737,D386,2
738,D137,2
739,D197,1
740,D805,2
741,D733,2
742,D451,4
743,D373,4
744,D546,4
745,D345,1
746,D390,4
747,D457,1
748,D664,3
749,D487,2
750,D314,2
751,D210,3
752,D585,4
753,D807,2
754,D775,2
755,D288,4
756,D652,1
757,D785,1
758,D406,1
759,D250,1
760,D156,4
761,D842,1
762,D525,1
763,D410,2
764,D587,4
765,D787,3
766,D593,1
767,D801,4
768,D388,3
769,D711,4
770,D886,4
771,D707,3
772,D759,2
773,D201,1
774,D471,3
775,D200,3
776,D120,4
777,D102,1
778,D875,4
779,D102,3
780,D457,1
781,D629,2
782,D534,4
783,D307,3
784,D468,2
785,D516,3
786,D404,2
787,D886,1
788,D790,4
789,D704,3
790,D497,2
791,D651,3
792,D400,4
793,D744,1
794,D263,2
795,D702,3
796,D605,3
797,D443,3
798,D864,2
799,D359,4
800,D401,2
801,D751,4
802,D324,1
803,D474,2
804,D759,2
805,D831,2
806,D220,3
807,D618,4
808,D257,4
809,D559,4
810,D189,1
811,D565,3
812,D380,1
813,D815,3
814,D674,3
815,D778,1
816,D499,1
817,D477,2
818,D832,2
819,D869,4
820,D190,3
821,D366,3
822,D186,3
823,D784,3
824,D276,4
825,D109,1
826,D569,3
827,D222,2
828,D760,4
829,D538,1
830,D416,1
831,D237,2
832,D636,4
833,D343,3
834,D528,4
835,D427,1
836,D807,3
837,D288,3
838,D670,3
839,D660,1
840,D271,3
841,D497,4
842,D291,3
843,D860,3
844,D549,4
845,D896,3
846,D804,3
847,D585,4
848,D862,4
849,D845,1
850,D125,1
851,D843,4
852,D409,4
853,D658,1
854,D866,2
855,D160,2
856,D895,1
857,D770,3
858,D748,4
859,D234,1
860,D316,1
861,D848,3
862,D840,4
863,D152,1
864,D533,2
865,D124,3
866,D176,4
867,D361,1
868,D101,3
869,D631,3
870,D852,4
871,D873,2
872,D584,4
873,D544,1
874,D166,2
875,D737,3
876,D154,1
877,D885,3
878,D608,3
879,D448,1
880,D761,2
881,D490,1
882,D115,2
883,D311,2
884,D291,4
885,D548,4
886,D460,1
887,D325,3
888,D884,2
889,D137,3
890,D880,1
891,D389,2
892,D114,2
893,D607,2
894,D715,4
895,D811,2
896,D699,1
897,D781,1
898,D409,2
899,D725,1
900,D146,1
901,D377,2
902,D509,3
903,D595,3
904,D865,4
905,D545,3
906,D118,4
907,D450,2
908,D851,3
909,D186,3
910,D624,1
911,D313,4
912,D151,4
913,D453,1
914,D522,2
915,D459,3
916,D717,3
917,D722,4
918,D749,3
919,D777,4
920,D636,3
921,D246,1
922,D181,3
923,D838,3
924,D887,1
925,D457,3
926,D226,4
927,D321,3
928,D397,2
929,D431,2
930,D825,4
931,D641,2
932,D756,4
933,D243,1
934,D458,2
935,D501,2
936,D235,3
937,D433,2
938,D361,2
939,D131,3
940,D500,1
941,D720,3
942,D702,1
943,D809,1
944,D449,3
945,D333,3
946,D489,2
947,D859,3
948,D676,3
949,D373,4
950,D365,2
951,D503,4
952,D305,3
953,D574,4
954,D784,4
955,D200,1
956,D846,2
957,D577,1
958,D430,2
959,D867,2
960,D384,2
961,D256,4
962,D324,4
963,D593,4
964,D364,3
965,D794,3
966,D172,3
967,D558,2
968,D195,4
969,D605,4
970,D214,4
971,D746,2
972,D448,2
973,D452,1
974,D531,3
975,D744,4
976,D883,3
977,D221,4
978,D518,3
979,D156,3
980,D151,3
981,D728,4
982,D809,4
983,D139,1
984,D148,1
985,D189,1
986,D374,4
987,D764,3
988,D552,1
989,D267,1
990,D430,2
991,D886,3
992,D602,1
993,D745,4
994,D690,2
995,D652,3
996,D233,3
997,D303,1
998,D727,4
999,D347,3
1000,D849,1
