CustomerID,CustomerName,Industry,Country,Segment
C00001,Customer 00001,Manufacturing,United Kingdom,Mid-Market
C00002,Customer 00002,Manufacturing,Canada,SMB
C00003,Customer 00003,Manufacturing,Singapore,Mid-Market
C00004,Customer 00004,Education,Germany,Enterprise
C00005,Customer 00005,Manufacturing,United Kingdom,Mid-Market
C00006,Customer 00006,Professional Services,United States,SMB
C00007,Customer 00007,Technology,Australia,Enterprise
C00008,Customer 00008,Technology,Canada,SMB
C00009,Customer 00009,Retail,Australia,Enterprise
C00010,Customer 00010,Retail,Germany,Enterprise
C00011,Customer 00011,Manufacturing,Australia,Mid-Market
C00012,Customer 00012,Healthcare,Australia,Enterprise
C00013,Customer 00013,Professional Services,United States,SMB
C00014,Customer 00014,Retail,Germany,Enterprise
C00015,Customer 00015,Manufacturing,United States,SMB
C00016,Customer 00016,Manufacturing,United Kingdom,Mid-Market
C00017,Customer 00017,Retail,Germany,Mid-Market
C00018,Customer 00018,Technology,Australia,Mid-Market
C00019,Customer 00019,Healthcare,Singapore,Enterprise
C00020,Customer 00020,Construction,United Kingdom,Enterprise
C00021,Customer 00021,Technology,Australia,SMB
C00022,Customer 00022,Technology,Germany,Mid-Market
C00023,Customer 00023,Construction,Germany,Enterprise
C00024,Customer 00024,Technology,United States,Enterprise
C00025,Customer 00025,Construction,Australia,Enterprise
C00026,Customer 00026,Healthcare,Australia,Mid-Market
C00027,Customer 00027,Technology,Canada,SMB
C00028,Customer 00028,Manufacturing,Canada,Enterprise
C00029,Customer 00029,Retail,United Kingdom,SMB
C00030,Customer 00030,Technology,Germany,Enterprise
C00031,Customer 00031,Construction,Australia,SMB
C00032,Customer 00032,Retail,Singapore,Enterprise
C00033,Customer 00033,Construction,United Kingdom,SMB
C00034,Customer 00034,Technology,Germany,Mid-Market
C00035,Customer 00035,Manufacturing,Australia,Mid-Market
C00036,Customer 00036,Technology,United States,SMB
C00037,Customer 00037,Construction,United States,Enterprise
C00038,Customer 00038,Technology,Canada,Mid-Market
C00039,Customer 00039,Healthcare,Canada,Enterprise
C00040,Customer 00040,Healthcare,United States,SMB
C00041,Customer 00041,Retail,United Kingdom,Mid-Market
C00042,Customer 00042,Technology,United States,SMB
C00043,Customer 00043,Retail,United States,SMB
C00044,Customer 00044,Healthcare,Germany,Mid-Market
C00045,Customer 00045,Construction,Australia,SMB
C00046,Customer 00046,Manufacturing,United States,SMB
C00047,Customer 00047,Retail,Australia,Mid-Market
C00048,Customer 00048,Retail,United Kingdom,Mid-Market
C00049,Customer 00049,Retail,Canada,Mid-Market
C00050,Customer 00050,Construction,Canada,SMB
C00051,Customer 00051,Professional Services,Australia,SMB
C00052,Customer 00052,Education,Canada,SMB
C00053,Customer 00053,Professional Services,Germany,Enterprise
C00054,Customer 00054,Construction,Australia,Enterprise
C00055,Customer 00055,Technology,Australia,Mid-Market
C00056,Customer 00056,Construction,United Kingdom,Mid-Market
C00057,Customer 00057,Professional Services,United States,Mid-Market
C00058,Customer 00058,Professional Services,United Kingdom,SMB
C00059,Customer 00059,Construction,Canada,Mid-Market
C00060,Customer 00060,Healthcare,Germany,SMB
C00061,Customer 00061,Education,Singapore,Mid-Market
C00062,Customer 00062,Manufacturing,Canada,Mid-Market
C00063,Customer 00063,Manufacturing,Canada,Enterprise
C00064,Customer 00064,Professional Services,Singapore,Mid-Market
C00065,Customer 00065,Technology,Canada,Mid-Market
C00066,Customer 00066,Construction,United Kingdom,Enterprise
C00067,Customer 00067,Healthcare,United Kingdom,SMB
C00068,Customer 00068,Professional Services,Canada,Enterprise
C00069,Customer 00069,Healthcare,Canada,Enterprise
C00070,Customer 00070,Retail,Canada,SMB
C00071,Customer 00071,Professional Services,Singapore,Mid-Market
C00072,Customer 00072,Technology,Canada,SMB
C00073,Customer 00073,Healthcare,Canada,SMB
C00074,Customer 00074,Technology,Australia,Mid-Market
C00075,Customer 00075,Education,Singapore,Mid-Market
C00076,Customer 00076,Healthcare,Singapore,Mid-Market
C00077,Customer 00077,Healthcare,Canada,SMB
C00078,Customer 00078,Education,Canada,Enterprise
C00079,Customer 00079,Manufacturing,United States,Mid-Market
C00080,Customer 00080,Construction,Singapore,SMB
C00081,Customer 00081,Education,United States,Mid-Market
C00082,Customer 00082,Retail,Canada,SMB
C00083,Customer 00083,Manufacturing,Canada,Enterprise
C00084,Customer 00084,Manufacturing,Singapore,SMB
C00085,Customer 00085,Education,Canada,SMB
C00086,Customer 00086,Technology,Singapore,Enterprise
C00087,Customer 00087,Construction,Singapore,Mid-Market
C00088,Customer 00088,Manufacturing,United Kingdom,SMB
C00089,Customer 00089,Technology,Australia,Mid-Market
C00090,Customer 00090,Manufacturing,Australia,Mid-Market
C00091,Customer 00091,Construction,Germany,SMB
C00092,Customer 00092,Professional Services,Canada,Enterprise
C00093,Customer 00093,Professional Services,Singapore,Enterprise
C00094,Customer 00094,Construction,United States,Mid-Market
C00095,Customer 00095,Technology,United States,SMB
C00096,Customer 00096,Manufacturing,Australia,Mid-Market
C00097,Customer 00097,Education,Germany,Mid-Market
C00098,Customer 00098,Construction,Singapore,SMB
C00099,Customer 00099,Retail,Germany,Enterprise
C00100,Customer 00100,Technology,United Kingdom,Mid-Market
C00101,Customer 00101,Technology,Canada,Mid-Market
C00102,Customer 00102,Education,Germany,SMB
C00103,Customer 00103,Manufacturing,Singapore,Mid-Market
C00104,Customer 00104,Education,Australia,Mid-Market
C00105,Customer 00105,Professional Services,United Kingdom,Mid-Market
C00106,Customer 00106,Retail,United States,Mid-Market
C00107,Customer 00107,Manufacturing,Australia,Enterprise
C00108,Customer 00108,Education,Canada,Mid-Market
C00109,Customer 00109,Construction,Canada,Enterprise
C00110,Customer 00110,Technology,Germany,SMB
C00111,Customer 00111,Education,United States,SMB
C00112,Customer 00112,Education,United Kingdom,Enterprise
C00113,Customer 00113,Technology,Germany,Enterprise
C00114,Customer 00114,Manufacturing,United Kingdom,Enterprise
C00115,Customer 00115,Education,Germany,SMB
C00116,Customer 00116,Construction,United States,Enterprise
C00117,Customer 00117,Retail,United States,SMB
C00118,Customer 00118,Construction,United States,SMB
C00119,Customer 00119,Construction,United States,Enterprise
C00120,Customer 00120,Education,Singapore,SMB
C00121,Customer 00121,Construction,Singapore,Enterprise
C00122,Customer 00122,Professional Services,Germany,SMB
C00123,Customer 00123,Construction,Singapore,Enterprise
C00124,Customer 00124,Manufacturing,Canada,Mid-Market
C00125,Customer 00125,Professional Services,Germany,Mid-Market
C00126,Customer 00126,Professional Services,Singapore,Mid-Market
C00127,Customer 00127,Education,Canada,SMB
C00128,Customer 00128,Education,United Kingdom,Mid-Market
C00129,Customer 00129,Retail,United Kingdom,Mid-Market
C00130,Customer 00130,Manufacturing,Canada,SMB
C00131,Customer 00131,Healthcare,Australia,Mid-Market
C00132,Customer 00132,Healthcare,Canada,SMB
C00133,Customer 00133,Technology,United States,Enterprise
C00134,Customer 00134,Manufacturing,Australia,Mid-Market
C00135,Customer 00135,Technology,United States,Mid-Market
C00136,Customer 00136,Technology,United States,SMB
C00137,Customer 00137,Retail,Germany,SMB
C00138,Customer 00138,Technology,United Kingdom,SMB
C00139,Customer 00139,Healthcare,Australia,SMB
C00140,Customer 00140,Education,United Kingdom,Enterprise
C00141,Customer 00141,Retail,Singapore,SMB
C00142,Customer 00142,Construction,Canada,Enterprise
C00143,Customer 00143,Construction,Singapore,SMB
C00144,Customer 00144,Professional Services,Germany,Mid-Market
C00145,Customer 00145,Professional Services,Canada,SMB
C00146,Customer 00146,Healthcare,Singapore,Enterprise
C00147,Customer 00147,Manufacturing,Singapore,Mid-Market
C00148,Customer 00148,Education,Australia,Enterprise
C00149,Customer 00149,Education,Singapore,Enterprise
C00150,Customer 00150,Technology,Australia,Enterprise
C00151,Customer 00151,Retail,United States,SMB
C00152,Customer 00152,Healthcare,Singapore,SMB
C00153,Customer 00153,Technology,United States,SMB
C00154,Customer 00154,Professional Services,Canada,Mid-Market
C00155,Customer 00155,Manufacturing,United States,SMB
C00156,Customer 00156,Education,Singapore,SMB
C00157,Customer 00157,Retail,Germany,SMB
C00158,Customer 00158,Professional Services,United States,SMB
C00159,Customer 00159,Education,Australia,Enterprise
C00160,Customer 00160,Technology,Singapore,SMB
C00161,Customer 00161,Technology,Australia,Mid-Market
C00162,Customer 00162,Education,United States,Mid-Market
C00163,Customer 00163,Retail,United States,Mid-Market
C00164,Customer 00164,Manufacturing,United States,Mid-Market
C00165,Customer 00165,Construction,United States,SMB
C00166,Customer 00166,Manufacturing,Canada,Mid-Market
C00167,Customer 00167,Technology,Australia,SMB
C00168,Customer 00168,Education,United States,Enterprise
C00169,Customer 00169,Construction,United Kingdom,Enterprise
C00170,Customer 00170,Construction,Germany,SMB
C00171,Customer 00171,Manufacturing,United Kingdom,Mid-Market
C00172,Customer 00172,Retail,United States,SMB
C00173,Customer 00173,Education,Germany,Mid-Market
C00174,Customer 00174,Professional Services,United Kingdom,Enterprise
C00175,Customer 00175,Manufacturing,Canada,Enterprise
C00176,Customer 00176,Retail,Canada,SMB
C00177,Customer 00177,Professional Services,Canada,Enterprise
C00178,Customer 00178,Construction,Singapore,SMB
C00179,Customer 00179,Construction,Germany,Enterprise
C00180,Customer 00180,Healthcare,Canada,Enterprise
C00181,Customer 00181,Professional Services,Singapore,Mid-Market
C00182,Customer 00182,Retail,Singapore,SMB
C00183,Customer 00183,Healthcare,Australia,Enterprise
C00184,Customer 00184,Education,Australia,Mid-Market
C00185,Customer 00185,Healthcare,Canada,Mid-Market
C00186,Customer 00186,Manufacturing,Germany,Enterprise
C00187,Customer 00187,Healthcare,United Kingdom,SMB
C00188,Customer 00188,Technology,United Kingdom,Enterprise
C00189,Customer 00189,Retail,Australia,Enterprise
C00190,Customer 00190,Retail,United Kingdom,SMB
C00191,Customer 00191,Retail,United States,Mid-Market
C00192,Customer 00192,Construction,United Kingdom,SMB
C00193,Customer 00193,Education,Canada,Mid-Market
C00194,Customer 00194,Retail,Germany,SMB
C00195,Customer 00195,Education,Australia,Mid-Market
C00196,Customer 00196,Retail,Australia,SMB
C00197,Customer 00197,Manufacturing,Australia,SMB
C00198,Customer 00198,Technology,Australia,Enterprise
C00199,Customer 00199,Healthcare,United States,Mid-Market
C00200,Customer 00200,Retail,United Kingdom,Enterprise
C00201,Customer 00201,Manufacturing,United Kingdom,Mid-Market
C00202,Customer 00202,Technology,United Kingdom,SMB
C00203,Customer 00203,Technology,United Kingdom,Enterprise
C00204,Customer 00204,Professional Services,United States,Enterprise
C00205,Customer 00205,Manufacturing,Canada,Mid-Market
C00206,Customer 00206,Healthcare,United States,Enterprise
C00207,Customer 00207,Healthcare,Australia,SMB
C00208,Customer 00208,Professional Services,Australia,Enterprise
C00209,Customer 00209,Healthcare,Australia,SMB
C00210,Customer 00210,Professional Services,Canada,Enterprise
C00211,Customer 00211,Healthcare,United States,Mid-Market
C00212,Customer 00212,Manufacturing,United States,Mid-Market
C00213,Customer 00213,Healthcare,United States,Enterprise
C00214,Customer 00214,Manufacturing,Singapore,Enterprise
C00215,Customer 00215,Retail,Singapore,Mid-Market
C00216,Customer 00216,Healthcare,Singapore,Mid-Market
C00217,Customer 00217,Healthcare,Australia,Enterprise
C00218,Customer 00218,Retail,United Kingdom,SMB
C00219,Customer 00219,Professional Services,Germany,SMB
C00220,Customer 00220,Technology,Singapore,Enterprise
C00221,Customer 00221,Professional Services,Germany,SMB
C00222,Customer 00222,Professional Services,United Kingdom,Mid-Market
C00223,Customer 00223,Construction,Singapore,Mid-Market
C00224,Customer 00224,Construction,Germany,SMB
C00225,Customer 00225,Technology,Singapore,SMB
C00226,Customer 00226,Technology,United Kingdom,Mid-Market
C00227,Customer 00227,Healthcare,Germany,Enterprise
C00228,Customer 00228,Healthcare,Australia,Enterprise
C00229,Customer 00229,Retail,Germany,Enterprise
C00230,Customer 00230,Education,Germany,Mid-Market
C00231,Customer 00231,Healthcare,United Kingdom,Enterprise
C00232,Customer 00232,Technology,Germany,Mid-Market
C00233,Customer 00233,Healthcare,Canada,Mid-Market
C00234,Customer 00234,Healthcare,Germany,Mid-Market
C00235,Customer 00235,Technology,Germany,Enterprise
C00236,Customer 00236,Healthcare,United States,Enterprise
C00237,Customer 00237,Manufacturing,Australia,SMB
C00238,Customer 00238,Retail,Australia,SMB
C00239,Customer 00239,Education,Germany,Mid-Market
C00240,Customer 00240,Professional Services,Singapore,Mid-Market
C00241,Customer 00241,Professional Services,Germany,Mid-Market
C00242,Customer 00242,Retail,Canada,Mid-Market
C00243,Customer 00243,Manufacturing,Australia,Enterprise
C00244,Customer 00244,Construction,Germany,SMB
C00245,Customer 00245,Education,Canada,SMB
C00246,Customer 00246,Manufacturing,Singapore,SMB
C00247,Customer 00247,Technology,Singapore,SMB
C00248,Customer 00248,Technology,Australia,SMB
C00249,Customer 00249,Technology,Singapore,Mid-Market
C00250,Customer 00250,Healthcare,United Kingdom,Enterprise
C00251,Customer 00251,Construction,United Kingdom,Mid-Market
C00252,Customer 00252,Construction,United Kingdom,Mid-Market
C00253,Customer 00253,Healthcare,Canada,SMB
C00254,Customer 00254,Professional Services,Singapore,Enterprise
C00255,Customer 00255,Healthcare,United Kingdom,Mid-Market
C00256,Customer 00256,Manufacturing,Germany,SMB
C00257,Customer 00257,Professional Services,Singapore,Enterprise
C00258,Customer 00258,Construction,United Kingdom,SMB
C00259,Customer 00259,Manufacturing,Canada,Enterprise
C00260,Customer 00260,Construction,United States,SMB
C00261,Customer 00261,Manufacturing,United States,Enterprise
C00262,Customer 00262,Retail,United States,SMB
C00263,Customer 00263,Technology,Canada,Enterprise
C00264,Customer 00264,Technology,United States,SMB
C00265,Customer 00265,Education,Singapore,SMB
C00266,Customer 00266,Technology,Singapore,SMB
C00267,Customer 00267,Manufacturing,United States,Enterprise
C00268,Customer 00268,Manufacturing,United Kingdom,Mid-Market
C00269,Customer 00269,Retail,United States,Enterprise
C00270,Customer 00270,Healthcare,United States,Enterprise
C00271,Customer 00271,Retail,Germany,Enterprise
C00272,Customer 00272,Manufacturing,Australia,SMB
C00273,Customer 00273,Professional Services,Canada,Mid-Market
C00274,Customer 00274,Technology,United Kingdom,Mid-Market
C00275,Customer 00275,Healthcare,United Kingdom,SMB
C00276,Customer 00276,Construction,Canada,Enterprise
C00277,Customer 00277,Manufacturing,Germany,Mid-Market
C00278,Customer 00278,Professional Services,United Kingdom,Mid-Market
C00279,Customer 00279,Manufacturing,Singapore,Mid-Market
C00280,Customer 00280,Retail,Germany,Enterprise
C00281,Customer 00281,Manufacturing,Australia,Enterprise
C00282,Customer 00282,Education,Singapore,Enterprise
C00283,Customer 00283,Healthcare,United States,SMB
C00284,Customer 00284,Professional Services,Australia,Enterprise
C00285,Customer 00285,Construction,Australia,Mid-Market
C00286,Customer 00286,Manufacturing,Australia,Mid-Market
C00287,Customer 00287,Technology,United States,Mid-Market
C00288,Customer 00288,Manufacturing,United States,Mid-Market
C00289,Customer 00289,Technology,Australia,Enterprise
C00290,Customer 00290,Construction,Singapore,Enterprise
C00291,Customer 00291,Education,Germany,Mid-Market
C00292,Customer 00292,Professional Services,United States,Mid-Market
C00293,Customer 00293,Manufacturing,Canada,SMB
C00294,Customer 00294,Retail,United Kingdom,Mid-Market
C00295,Customer 00295,Retail,United Kingdom,Enterprise
C00296,Customer 00296,Professional Services,United Kingdom,SMB
C00297,Customer 00297,Construction,United Kingdom,Enterprise
C00298,Customer 00298,Retail,United Kingdom,Enterprise
C00299,Customer 00299,Construction,Singapore,Mid-Market
C00300,Customer 00300,Technology,United States,SMB
C00301,Customer 00301,Technology,United Kingdom,Mid-Market
C00302,Customer 00302,Healthcare,United States,SMB
C00303,Customer 00303,Technology,United States,Mid-Market
C00304,Customer 00304,Technology,United States,Enterprise
C00305,Customer 00305,Technology,Germany,Enterprise
C00306,Customer 00306,Manufacturing,United States,SMB
C00307,Customer 00307,Construction,United Kingdom,SMB
C00308,Customer 00308,Retail,United States,Mid-Market
C00309,Customer 00309,Retail,Singapore,Mid-Market
C00310,Customer 00310,Manufacturing,Singapore,Mid-Market
C00311,Customer 00311,Technology,United Kingdom,SMB
C00312,Customer 00312,Professional Services,Germany,Enterprise
C00313,Customer 00313,Technology,Canada,Enterprise
C00314,Customer 00314,Manufacturing,Australia,Mid-Market
C00315,Customer 00315,Healthcare,Canada,Mid-Market
C00316,Customer 00316,Education,Canada,Mid-Market
C00317,Customer 00317,Retail,Canada,SMB
C00318,Customer 00318,Technology,Germany,Mid-Market
C00319,Customer 00319,Healthcare,Singapore,SMB
C00320,Customer 00320,Technology,Singapore,Enterprise
C00321,Customer 00321,Retail,Australia,Mid-Market
C00322,Customer 00322,Retail,Germany,SMB
C00323,Customer 00323,Professional Services,Singapore,Enterprise
C00324,Customer 00324,Retail,United States,Mid-Market
C00325,Customer 00325,Education,Singapore,SMB
C00326,Customer 00326,Manufacturing,Canada,Mid-Market
C00327,Customer 00327,Construction,Australia,SMB
C00328,Customer 00328,Education,Singapore,Enterprise
C00329,Customer 00329,Manufacturing,United Kingdom,SMB
C00330,Customer 00330,Professional Services,Canada,SMB
C00331,Customer 00331,Technology,Singapore,Enterprise
C00332,Customer 00332,Manufacturing,Australia,Mid-Market
C00333,Customer 00333,Manufacturing,United States,Enterprise
C00334,Customer 00334,Professional Services,United Kingdom,Mid-Market
C00335,Customer 00335,Construction,United Kingdom,Enterprise
C00336,Customer 00336,Education,Australia,Enterprise
C00337,Customer 00337,Healthcare,United Kingdom,Enterprise
C00338,Customer 00338,Technology,Singapore,Mid-Market
C00339,Customer 00339,Manufacturing,Singapore,Mid-Market
C00340,Customer 00340,Education,United States,Mid-Market
C00341,Customer 00341,Healthcare,Germany,Mid-Market
C00342,Customer 00342,Healthcare,United Kingdom,SMB
C00343,Customer 00343,Manufacturing,Singapore,Mid-Market
C00344,Customer 00344,Professional Services,Singapore,Enterprise
C00345,Customer 00345,Professional Services,United Kingdom,Enterprise
C00346,Customer 00346,Retail,United States,Mid-Market
C00347,Customer 00347,Retail,United Kingdom,Mid-Market
C00348,Customer 00348,Education,United States,Mid-Market
C00349,Customer 00349,Technology,Australia,Enterprise
C00350,Customer 00350,Retail,Singapore,Enterprise
C00351,Customer 00351,Manufacturing,Australia,SMB
C00352,Customer 00352,Education,Singapore,SMB
C00353,Customer 00353,Technology,Germany,Enterprise
C00354,Customer 00354,Construction,United Kingdom,Enterprise
C00355,Customer 00355,Manufacturing,Canada,Mid-Market
C00356,Customer 00356,Manufacturing,United States,SMB
C00357,Customer 00357,Professional Services,Canada,Enterprise
C00358,Customer 00358,Manufacturing,Australia,Mid-Market
C00359,Customer 00359,Manufacturing,United States,SMB
C00360,Customer 00360,Professional Services,Singapore,Mid-Market
C00361,Customer 00361,Technology,United Kingdom,Mid-Market
C00362,Customer 00362,Retail,Singapore,Mid-Market
C00363,Customer 00363,Construction,Canada,SMB
C00364,Customer 00364,Professional Services,Germany,Enterprise
C00365,Customer 00365,Manufacturing,United States,SMB
C00366,Customer 00366,Retail,United States,Enterprise
C00367,Customer 00367,Education,Germany,Enterprise
C00368,Customer 00368,Retail,Canada,Enterprise
C00369,Customer 00369,Healthcare,United States,Mid-Market
C00370,Customer 00370,Retail,Canada,SMB
C00371,Customer 00371,Healthcare,United Kingdom,SMB
C00372,Customer 00372,Construction,Singapore,Mid-Market
C00373,Customer 00373,Professional Services,Singapore,Enterprise
C00374,Customer 00374,Construction,United Kingdom,Mid-Market
C00375,Customer 00375,Retail,United States,Enterprise
C00376,Customer 00376,Retail,United States,Enterprise
C00377,Customer 00377,Manufacturing,Canada,Mid-Market
C00378,Customer 00378,Professional Services,Canada,Enterprise
C00379,Customer 00379,Technology,Germany,Mid-Market
C00380,Customer 00380,Manufacturing,Canada,Mid-Market
C00381,Customer 00381,Manufacturing,United Kingdom,Mid-Market
C00382,Customer 00382,Education,Germany,SMB
C00383,Customer 00383,Manufacturing,Canada,SMB
C00384,Customer 00384,Manufacturing,Germany,SMB
C00385,Customer 00385,Construction,Australia,Enterprise
C00386,Customer 00386,Construction,Germany,Enterprise
C00387,Customer 00387,Construction,Australia,Mid-Market
C00388,Customer 00388,Healthcare,Canada,Enterprise
C00389,Customer 00389,Retail,Australia,Mid-Market
C00390,Customer 00390,Retail,United Kingdom,Enterprise
C00391,Customer 00391,Retail,United Kingdom,SMB
C00392,Customer 00392,Retail,United States,Enterprise
C00393,Customer 00393,Education,Canada,SMB
C00394,Customer 00394,Healthcare,United States,SMB
C00395,Customer 00395,Technology,Australia,Mid-Market
C00396,Customer 00396,Manufacturing,Canada,Enterprise
C00397,Customer 00397,Professional Services,Germany,Mid-Market
C00398,Customer 00398,Technology,Germany,Enterprise
C00399,Customer 00399,Technology,United Kingdom,Enterprise
C00400,Customer 00400,Professional Services,Australia,SMB
C00401,Customer 00401,Healthcare,United States,Mid-Market
C00402,Customer 00402,Education,Australia,Enterprise
C00403,Customer 00403,Construction,United States,Enterprise
C00404,Customer 00404,Healthcare,Singapore,Mid-Market
C00405,Customer 00405,Professional Services,Germany,SMB
C00406,Customer 00406,Education,United Kingdom,Enterprise
C00407,Customer 00407,Construction,Canada,SMB
C00408,Customer 00408,Retail,United Kingdom,SMB
C00409,Customer 00409,Construction,Singapore,Enterprise
C00410,Customer 00410,Construction,Singapore,Enterprise
C00411,Customer 00411,Construction,Australia,Enterprise
C00412,Customer 00412,Technology,Germany,SMB
C00413,Customer 00413,Healthcare,Australia,SMB
C00414,Customer 00414,Education,Australia,Mid-Market
C00415,Customer 00415,Healthcare,United Kingdom,Mid-Market
C00416,Customer 00416,Education,Germany,Enterprise
C00417,Customer 00417,Education,Australia,Mid-Market
C00418,Customer 00418,Education,Canada,SMB
C00419,Customer 00419,Construction,United States,Mid-Market
C00420,Customer 00420,Professional Services,United States,SMB
C00421,Customer 00421,Manufacturing,United Kingdom,SMB
C00422,Customer 00422,Construction,Singapore,SMB
C00423,Customer 00423,Construction,United Kingdom,Enterprise
C00424,Customer 00424,Healthcare,Australia,SMB
C00425,Customer 00425,Technology,United Kingdom,SMB
C00426,Customer 00426,Professional Services,Singapore,SMB
C00427,Customer 00427,Education,Singapore,SMB
C00428,Customer 00428,Healthcare,Singapore,SMB
C00429,Customer 00429,Healthcare,Australia,Mid-Market
C00430,Customer 00430,Manufacturing,Australia,Enterprise
C00431,Customer 00431,Technology,Canada,SMB
C00432,Customer 00432,Retail,United States,Mid-Market
C00433,Customer 00433,Education,United Kingdom,Enterprise
C00434,Customer 00434,Healthcare,United States,SMB
C00435,Customer 00435,Technology,Australia,Mid-Market
C00436,Customer 00436,Retail,United Kingdom,Mid-Market
C00437,Customer 00437,Education,United States,Enterprise
C00438,Customer 00438,Construction,Canada,Mid-Market
C00439,Customer 00439,Technology,Canada,Mid-Market
C00440,Customer 00440,Professional Services,Singapore,Enterprise
C00441,Customer 00441,Technology,Singapore,SMB
C00442,Customer 00442,Retail,United States,SMB
C00443,Customer 00443,Manufacturing,United States,Enterprise
C00444,Customer 00444,Technology,United Kingdom,Mid-Market
C00445,Customer 00445,Healthcare,Singapore,Mid-Market
C00446,Customer 00446,Healthcare,Singapore,Enterprise
C00447,Customer 00447,Healthcare,Canada,Mid-Market
C00448,Customer 00448,Retail,United Kingdom,Mid-Market
C00449,Customer 00449,Healthcare,Singapore,Enterprise
C00450,Customer 00450,Technology,Australia,Enterprise
C00451,Customer 00451,Healthcare,United States,SMB
C00452,Customer 00452,Construction,Germany,Enterprise
C00453,Customer 00453,Manufacturing,Australia,Enterprise
C00454,Customer 00454,Professional Services,Germany,Mid-Market
C00455,Customer 00455,Manufacturing,Canada,Mid-Market
C00456,Customer 00456,Manufacturing,Australia,SMB
C00457,Customer 00457,Professional Services,United States,Mid-Market
C00458,Customer 00458,Construction,Canada,Mid-Market
C00459,Customer 00459,Professional Services,Singapore,SMB
C00460,Customer 00460,Healthcare,Germany,SMB
C00461,Customer 00461,Construction,Canada,Enterprise
C00462,Customer 00462,Education,United Kingdom,Enterprise
C00463,Customer 00463,Construction,Canada,Mid-Market
C00464,Customer 00464,Construction,Australia,SMB
C00465,Customer 00465,Construction,United Kingdom,SMB
C00466,Customer 00466,Manufacturing,Singapore,SMB
C00467,Customer 00467,Manufacturing,Canada,Enterprise
C00468,Customer 00468,Construction,Australia,Enterprise
C00469,Customer 00469,Construction,Germany,Enterprise
C00470,Customer 00470,Technology,Canada,Enterprise
C00471,Customer 00471,Professional Services,Australia,SMB
C00472,Customer 00472,Technology,United States,SMB
C00473,Customer 00473,Construction,Canada,Mid-Market
C00474,Customer 00474,Healthcare,United States,SMB
C00475,Customer 00475,Retail,Canada,SMB
C00476,Customer 00476,Professional Services,United States,Mid-Market
C00477,Customer 00477,Professional Services,United States,SMB
C00478,Customer 00478,Technology,Australia,SMB
C00479,Customer 00479,Technology,Singapore,Mid-Market
C00480,Customer 00480,Healthcare,Singapore,Enterprise
C00481,Customer 00481,Manufacturing,United Kingdom,SMB
C00482,Customer 00482,Professional Services,Canada,Enterprise
C00483,Customer 00483,Technology,Germany,SMB
C00484,Customer 00484,Retail,Australia,Enterprise
C00485,Customer 00485,Manufacturing,United States,SMB
C00486,Customer 00486,Retail,United Kingdom,Enterprise
C00487,Customer 00487,Manufacturing,United States,SMB
C00488,Customer 00488,Construction,Australia,Mid-Market
C00489,Customer 00489,Manufacturing,United States,Mid-Market
C00490,Customer 00490,Technology,Singapore,SMB
C00491,Customer 00491,Construction,Singapore,SMB
C00492,Customer 00492,Professional Services,Singapore,SMB
C00493,Customer 00493,Healthcare,Australia,SMB
C00494,Customer 00494,Healthcare,United Kingdom,Enterprise
C00495,Customer 00495,Professional Services,United States,Enterprise
C00496,Customer 00496,Construction,Germany,Mid-Market
C00497,Customer 00497,Education,United Kingdom,SMB
C00498,Customer 00498,Education,Australia,Enterprise
C00499,Customer 00499,Education,Canada,SMB
C00500,Customer 00500,Manufacturing,Singapore,Enterprise
C00501,Customer 00501,Professional Services,United States,Enterprise
C00502,Customer 00502,Technology,United States,Enterprise
C00503,Customer 00503,Retail,United States,SMB
C00504,Customer 00504,Education,Germany,Mid-Market
C00505,Customer 00505,Technology,United States,Enterprise
C00506,Customer 00506,Healthcare,United States,SMB
C00507,Customer 00507,Technology,Germany,Enterprise
C00508,Customer 00508,Technology,Australia,Enterprise
C00509,Customer 00509,Education,Germany,Enterprise
C00510,Customer 00510,Manufacturing,Canada,Enterprise
C00511,Customer 00511,Technology,Singapore,Enterprise
C00512,Customer 00512,Education,United States,Mid-Market
C00513,Customer 00513,Construction,Canada,SMB
C00514,Customer 00514,Healthcare,United States,Enterprise
C00515,Customer 00515,Healthcare,Germany,SMB
C00516,Customer 00516,Professional Services,Australia,Mid-Market
C00517,Customer 00517,Education,United Kingdom,Enterprise
C00518,Customer 00518,Education,United States,Enterprise
C00519,Customer 00519,Education,Germany,Enterprise
C00520,Customer 00520,Construction,Singapore,Enterprise
C00521,Customer 00521,Professional Services,United Kingdom,SMB
C00522,Customer 00522,Retail,United Kingdom,Enterprise
C00523,Customer 00523,Professional Services,United States,Enterprise
C00524,Customer 00524,Construction,United Kingdom,Mid-Market
C00525,Customer 00525,Technology,Germany,Enterprise
C00526,Customer 00526,Construction,United Kingdom,Mid-Market
C00527,Customer 00527,Retail,United States,Enterprise
C00528,Customer 00528,Technology,Singapore,Mid-Market
C00529,Customer 00529,Technology,Australia,Mid-Market
C00530,Customer 00530,Manufacturing,Singapore,SMB
C00531,Customer 00531,Education,Canada,SMB
C00532,Customer 00532,Construction,Singapore,SMB
C00533,Customer 00533,Manufacturing,Australia,SMB
C00534,Customer 00534,Manufacturing,Australia,Enterprise
C00535,Customer 00535,Education,Singapore,Enterprise
C00536,Customer 00536,Construction,Canada,Mid-Market
C00537,Customer 00537,Education,United States,Mid-Market
C00538,Customer 00538,Manufacturing,Canada,Mid-Market
C00539,Customer 00539,Retail,Germany,SMB
C00540,Customer 00540,Healthcare,Australia,Enterprise
C00541,Customer 00541,Retail,Singapore,Enterprise
C00542,Customer 00542,Education,United Kingdom,Mid-Market
C00543,Customer 00543,Education,Germany,SMB
C00544,Customer 00544,Manufacturing,Canada,Mid-Market
C00545,Customer 00545,Healthcare,Singapore,Enterprise
C00546,Customer 00546,Professional Services,United States,SMB
C00547,Customer 00547,Construction,Australia,Enterprise
C00548,Customer 00548,Healthcare,United Kingdom,Mid-Market
C00549,Customer 00549,Technology,Germany,Mid-Market
C00550,Customer 00550,Retail,United Kingdom,Mid-Market
C00551,Customer 00551,Healthcare,Germany,SMB
C00552,Customer 00552,Retail,Canada,Mid-Market
C00553,Customer 00553,Manufacturing,United Kingdom,SMB
C00554,Customer 00554,Education,Canada,SMB
C00555,Customer 00555,Healthcare,Singapore,Enterprise
C00556,Customer 00556,Healthcare,Australia,Mid-Market
C00557,Customer 00557,Construction,Singapore,Mid-Market
C00558,Customer 00558,Technology,Australia,Mid-Market
C00559,Customer 00559,Manufacturing,Germany,Enterprise
C00560,Customer 00560,Professional Services,United Kingdom,Mid-Market
C00561,Customer 00561,Education,United Kingdom,Enterprise
C00562,Customer 00562,Construction,United States,Enterprise
C00563,Customer 00563,Professional Services,United States,Enterprise
C00564,Customer 00564,Construction,United Kingdom,Mid-Market
C00565,Customer 00565,Retail,Singapore,SMB
C00566,Customer 00566,Retail,Canada,SMB
C00567,Customer 00567,Construction,Singapore,Mid-Market
C00568,Customer 00568,Construction,Canada,Enterprise
C00569,Customer 00569,Manufacturing,United Kingdom,Mid-Market
C00570,Customer 00570,Manufacturing,Germany,Mid-Market
C00571,Customer 00571,Construction,Canada,SMB
C00572,Customer 00572,Construction,United States,SMB
C00573,Customer 00573,Manufacturing,Germany,SMB
C00574,Customer 00574,Professional Services,Australia,SMB
C00575,Customer 00575,Construction,United States,Enterprise
C00576,Customer 00576,Construction,Germany,SMB
C00577,Customer 00577,Construction,Australia,SMB
C00578,Customer 00578,Professional Services,Germany,Mid-Market
C00579,Customer 00579,Professional Services,United States,SMB
C00580,Customer 00580,Education,Singapore,Mid-Market
C00581,Customer 00581,Retail,United Kingdom,Mid-Market
C00582,Customer 00582,Manufacturing,United Kingdom,Mid-Market
C00583,Customer 00583,Technology,Singapore,SMB
C00584,Customer 00584,Construction,Australia,Mid-Market
C00585,Customer 00585,Healthcare,Canada,Mid-Market
C00586,Customer 00586,Education,Singapore,Enterprise
C00587,Customer 00587,Professional Services,Australia,Enterprise
C00588,Customer 00588,Technology,Australia,SMB
C00589,Customer 00589,Healthcare,Germany,SMB
C00590,Customer 00590,Professional Services,Australia,SMB
C00591,Customer 00591,Technology,Canada,SMB
C00592,Customer 00592,Manufacturing,Germany,SMB
C00593,Customer 00593,Technology,Singapore,SMB
C00594,Customer 00594,Healthcare,Singapore,Enterprise
C00595,Customer 00595,Professional Services,Germany,SMB
C00596,Customer 00596,Retail,Singapore,Enterprise
C00597,Customer 00597,Construction,United States,SMB
C00598,Customer 00598,Technology,Australia,Enterprise
C00599,Customer 00599,Manufacturing,United Kingdom,Enterprise
C00600,Customer 00600,Healthcare,Canada,SMB
C00601,Customer 00601,Construction,Canada,Mid-Market
C00602,Customer 00602,Technology,Germany,Enterprise
C00603,Customer 00603,Professional Services,Australia,SMB
C00604,Customer 00604,Retail,Canada,Mid-Market
C00605,Customer 00605,Education,Australia,SMB
C00606,Customer 00606,Healthcare,United States,Enterprise
C00607,Customer 00607,Retail,United Kingdom,SMB
C00608,Customer 00608,Manufacturing,United Kingdom,Enterprise
C00609,Customer 00609,Retail,Canada,Mid-Market
C00610,Customer 00610,Technology,United States,Mid-Market
C00611,Customer 00611,Technology,United Kingdom,Enterprise
C00612,Customer 00612,Education,United Kingdom,SMB
C00613,Customer 00613,Technology,United States,Mid-Market
C00614,Customer 00614,Construction,Germany,SMB
C00615,Customer 00615,Construction,Germany,SMB
C00616,Customer 00616,Construction,Canada,SMB
C00617,Customer 00617,Professional Services,United States,Enterprise
C00618,Customer 00618,Technology,Singapore,Enterprise
C00619,Customer 00619,Retail,United States,Enterprise
C00620,Customer 00620,Retail,Australia,Mid-Market
C00621,Customer 00621,Education,United Kingdom,SMB
C00622,Customer 00622,Technology,Canada,Mid-Market
C00623,Customer 00623,Technology,Singapore,Enterprise
C00624,Customer 00624,Manufacturing,Singapore,Enterprise
C00625,Customer 00625,Professional Services,United States,Enterprise
C00626,Customer 00626,Professional Services,Australia,Mid-Market
C00627,Customer 00627,Retail,Germany,Mid-Market
C00628,Customer 00628,Retail,Australia,Mid-Market
C00629,Customer 00629,Professional Services,Australia,SMB
C00630,Customer 00630,Education,United States,SMB
C00631,Customer 00631,Education,Australia,Enterprise
C00632,Customer 00632,Professional Services,Australia,Enterprise
C00633,Customer 00633,Professional Services,Germany,Mid-Market
C00634,Customer 00634,Construction,Australia,Enterprise
C00635,Customer 00635,Education,Canada,SMB
C00636,Customer 00636,Technology,Germany,Enterprise
C00637,Customer 00637,Professional Services,Canada,Enterprise
C00638,Customer 00638,Construction,United States,Mid-Market
C00639,Customer 00639,Construction,Singapore,Mid-Market
C00640,Customer 00640,Retail,Australia,Enterprise
C00641,Customer 00641,Retail,United Kingdom,Mid-Market
C00642,Customer 00642,Professional Services,Germany,Mid-Market
C00643,Customer 00643,Professional Services,Australia,SMB
C00644,Customer 00644,Education,United Kingdom,SMB
C00645,Customer 00645,Manufacturing,United Kingdom,Enterprise
C00646,Customer 00646,Manufacturing,Germany,Enterprise
C00647,Customer 00647,Healthcare,United States,SMB
C00648,Customer 00648,Healthcare,Canada,SMB
C00649,Customer 00649,Professional Services,Canada,Enterprise
C00650,Customer 00650,Healthcare,United Kingdom,SMB
C00651,Customer 00651,Manufacturing,United States,Enterprise
C00652,Customer 00652,Construction,Germany,Mid-Market
C00653,Customer 00653,Retail,United Kingdom,Mid-Market
C00654,Customer 00654,Retail,Singapore,Enterprise
C00655,Customer 00655,Professional Services,Germany,Mid-Market
C00656,Customer 00656,Healthcare,United States,Mid-Market
C00657,Customer 00657,Construction,Australia,SMB
C00658,Customer 00658,Professional Services,United Kingdom,Enterprise
C00659,Customer 00659,Education,United States,Enterprise
C00660,Customer 00660,Healthcare,United Kingdom,Mid-Market
C00661,Customer 00661,Retail,Singapore,Enterprise
C00662,Customer 00662,Manufacturing,Germany,SMB
C00663,Customer 00663,Construction,United States,Enterprise
C00664,Customer 00664,Retail,Australia,Enterprise
C00665,Customer 00665,Technology,Canada,Enterprise
C00666,Customer 00666,Construction,United States,SMB
C00667,Customer 00667,Healthcare,Germany,SMB
C00668,Customer 00668,Education,Australia,SMB
C00669,Customer 00669,Technology,Germany,Enterprise
C00670,Customer 00670,Manufacturing,Australia,SMB
C00671,Customer 00671,Professional Services,United Kingdom,Mid-Market
C00672,Customer 00672,Healthcare,Germany,SMB
C00673,Customer 00673,Retail,Germany,Enterprise
C00674,Customer 00674,Construction,Germany,Mid-Market
C00675,Customer 00675,Professional Services,Singapore,Enterprise
C00676,Customer 00676,Retail,Singapore,Enterprise
C00677,Customer 00677,Professional Services,Canada,Mid-Market
C00678,Customer 00678,Professional Services,Germany,Mid-Market
C00679,Customer 00679,Retail,United States,SMB
C00680,Customer 00680,Retail,Australia,SMB
C00681,Customer 00681,Manufacturing,Canada,Enterprise
C00682,Customer 00682,Retail,United Kingdom,SMB
C00683,Customer 00683,Professional Services,United States,Enterprise
C00684,Customer 00684,Technology,Australia,SMB
C00685,Customer 00685,Retail,Singapore,Mid-Market
C00686,Customer 00686,Education,Canada,SMB
C00687,Customer 00687,Manufacturing,Germany,Enterprise
C00688,Customer 00688,Education,United Kingdom,Enterprise
C00689,Customer 00689,Education,Australia,SMB
C00690,Customer 00690,Retail,Canada,Enterprise
C00691,Customer 00691,Manufacturing,United States,Enterprise
C00692,Customer 00692,Manufacturing,Australia,SMB
C00693,Customer 00693,Education,United States,Enterprise
C00694,Customer 00694,Professional Services,Singapore,SMB
C00695,Customer 00695,Manufacturing,United States,Mid-Market
C00696,Customer 00696,Education,United States,Enterprise
C00697,Customer 00697,Technology,United Kingdom,Mid-Market
C00698,Customer 00698,Education,United States,Enterprise
C00699,Customer 00699,Education,Canada,Mid-Market
C00700,Customer 00700,Construction,Australia,Mid-Market
C00701,Customer 00701,Retail,Canada,SMB
C00702,Customer 00702,Technology,United Kingdom,Mid-Market
C00703,Customer 00703,Professional Services,Australia,Mid-Market
C00704,Customer 00704,Construction,United Kingdom,Mid-Market
C00705,Customer 00705,Construction,Canada,Mid-Market
C00706,Customer 00706,Professional Services,United Kingdom,Enterprise
C00707,Customer 00707,Education,United Kingdom,Mid-Market
C00708,Customer 00708,Retail,United Kingdom,SMB
C00709,Customer 00709,Retail,United Kingdom,SMB
C00710,Customer 00710,Healthcare,United States,SMB
C00711,Customer 00711,Healthcare,United Kingdom,Enterprise
C00712,Customer 00712,Education,Singapore,Enterprise
C00713,Customer 00713,Retail,United States,SMB
C00714,Customer 00714,Retail,United States,SMB
C00715,Customer 00715,Professional Services,United States,Enterprise
C00716,Customer 00716,Manufacturing,United Kingdom,SMB
C00717,Customer 00717,Construction,Canada,Enterprise
C00718,Customer 00718,Professional Services,Singapore,Mid-Market
C00719,Customer 00719,Technology,Germany,Enterprise
C00720,Customer 00720,Professional Services,Canada,Enterprise
C00721,Customer 00721,Technology,United Kingdom,Mid-Market
C00722,Customer 00722,Technology,United States,Enterprise
C00723,Customer 00723,Education,Australia,Mid-Market
C00724,Customer 00724,Manufacturing,Australia,Mid-Market
C00725,Customer 00725,Construction,Germany,Enterprise
C00726,Customer 00726,Construction,Canada,Enterprise
C00727,Customer 00727,Retail,United States,Mid-Market
C00728,Customer 00728,Professional Services,Germany,Mid-Market
C00729,Customer 00729,Technology,United Kingdom,SMB
C00730,Customer 00730,Healthcare,United Kingdom,Mid-Market
C00731,Customer 00731,Healthcare,Singapore,Mid-Market
C00732,Customer 00732,Construction,United Kingdom,Enterprise
C00733,Customer 00733,Education,United States,Enterprise
C00734,Customer 00734,Manufacturing,Canada,Mid-Market
C00735,Customer 00735,Technology,United Kingdom,Mid-Market
C00736,Customer 00736,Retail,United Kingdom,Enterprise
C00737,Customer 00737,Professional Services,Australia,Enterprise
C00738,Customer 00738,Technology,United Kingdom,Mid-Market
C00739,Customer 00739,Healthcare,United Kingdom,SMB
C00740,Customer 00740,Professional Services,United States,Enterprise
C00741,Customer 00741,Technology,United Kingdom,Mid-Market
C00742,Customer 00742,Construction,United Kingdom,Mid-Market
C00743,Customer 00743,Technology,Germany,Mid-Market
C00744,Customer 00744,Construction,Australia,SMB
C00745,Customer 00745,Education,Australia,Mid-Market
C00746,Customer 00746,Professional Services,United Kingdom,SMB
C00747,Customer 00747,Retail,United Kingdom,Mid-Market
C00748,Customer 00748,Healthcare,Germany,Enterprise
C00749,Customer 00749,Healthcare,United States,SMB
C00750,Customer 00750,Retail,Australia,Enterprise
C00751,Customer 00751,Retail,United Kingdom,SMB
C00752,Customer 00752,Retail,United Kingdom,SMB
C00753,Customer 00753,Retail,United States,Mid-Market
C00754,Customer 00754,Technology,Germany,Enterprise
C00755,Customer 00755,Healthcare,United Kingdom,SMB
C00756,Customer 00756,Retail,Singapore,Enterprise
C00757,Customer 00757,Healthcare,Germany,SMB
C00758,Customer 00758,Manufacturing,Singapore,SMB
C00759,Customer 00759,Technology,Canada,Enterprise
C00760,Customer 00760,Education,Germany,Mid-Market
C00761,Customer 00761,Professional Services,Singapore,Mid-Market
C00762,Customer 00762,Education,Germany,Enterprise
C00763,Customer 00763,Professional Services,Australia,SMB
C00764,Customer 00764,Retail,United States,Enterprise
C00765,Customer 00765,Manufacturing,Australia,Mid-Market
C00766,Customer 00766,Retail,Canada,Mid-Market
C00767,Customer 00767,Professional Services,Singapore,Mid-Market
C00768,Customer 00768,Technology,Singapore,Enterprise
C00769,Customer 00769,Professional Services,Canada,SMB
C00770,Customer 00770,Professional Services,Singapore,Mid-Market
C00771,Customer 00771,Retail,United Kingdom,Enterprise
C00772,Customer 00772,Professional Services,United Kingdom,SMB
C00773,Customer 00773,Construction,Singapore,SMB
C00774,Customer 00774,Construction,United Kingdom,SMB
C00775,Customer 00775,Professional Services,United States,SMB
C00776,Customer 00776,Education,Australia,Mid-Market
C00777,Customer 00777,Construction,Germany,SMB
C00778,Customer 00778,Manufacturing,United Kingdom,SMB
C00779,Customer 00779,Manufacturing,Singapore,Mid-Market
C00780,Customer 00780,Technology,United Kingdom,Enterprise
C00781,Customer 00781,Healthcare,United States,Mid-Market
C00782,Customer 00782,Healthcare,Singapore,Mid-Market
C00783,Customer 00783,Education,United States,SMB
C00784,Customer 00784,Professional Services,United Kingdom,Mid-Market
C00785,Customer 00785,Construction,Germany,SMB
C00786,Customer 00786,Professional Services,United Kingdom,SMB
C00787,Customer 00787,Education,Singapore,SMB
C00788,Customer 00788,Retail,United States,Mid-Market
C00789,Customer 00789,Education,Singapore,Enterprise
C00790,Customer 00790,Construction,United Kingdom,Enterprise
C00791,Customer 00791,Manufacturing,Germany,Mid-Market
C00792,Customer 00792,Retail,United Kingdom,Enterprise
C00793,Customer 00793,Education,Singapore,Enterprise
C00794,Customer 00794,Technology,United Kingdom,Mid-Market
C00795,Customer 00795,Retail,United States,SMB
C00796,Customer 00796,Healthcare,United States,SMB
C00797,Customer 00797,Technology,Singapore,Enterprise
C00798,Customer 00798,Manufacturing,Australia,Enterprise
C00799,Customer 00799,Construction,Germany,Enterprise
C00800,Customer 00800,Construction,United Kingdom,Mid-Market
C00801,Customer 00801,Technology,Singapore,Mid-Market
C00802,Customer 00802,Technology,Germany,Enterprise
C00803,Customer 00803,Retail,United Kingdom,SMB
C00804,Customer 00804,Retail,Germany,Enterprise
C00805,Customer 00805,Retail,Canada,Enterprise
C00806,Customer 00806,Retail,United States,SMB
C00807,Customer 00807,Manufacturing,Germany,SMB
C00808,Customer 00808,Healthcare,Canada,Enterprise
C00809,Customer 00809,Education,Singapore,SMB
C00810,Customer 00810,Technology,Singapore,Mid-Market
C00811,Customer 00811,Construction,Germany,SMB
C00812,Customer 00812,Education,Canada,Enterprise
C00813,Customer 00813,Technology,United Kingdom,Mid-Market
C00814,Customer 00814,Retail,Singapore,Mid-Market
C00815,Customer 00815,Manufacturing,Germany,Mid-Market
C00816,Customer 00816,Construction,United Kingdom,Mid-Market
C00817,Customer 00817,Technology,Canada,Mid-Market
C00818,Customer 00818,Manufacturing,Australia,SMB
C00819,Customer 00819,Professional Services,Canada,Mid-Market
C00820,Customer 00820,Technology,United Kingdom,SMB
C00821,Customer 00821,Education,Germany,Enterprise
C00822,Customer 00822,Professional Services,Canada,SMB
C00823,Customer 00823,Education,Germany,SMB
C00824,Customer 00824,Manufacturing,Germany,SMB
C00825,Customer 00825,Technology,United States,SMB
C00826,Customer 00826,Healthcare,Singapore,SMB
C00827,Customer 00827,Construction,Australia,Mid-Market
C00828,Customer 00828,Professional Services,Germany,SMB
C00829,Customer 00829,Retail,United States,Mid-Market
C00830,Customer 00830,Manufacturing,United States,Mid-Market
C00831,Customer 00831,Professional Services,Singapore,Mid-Market
C00832,Customer 00832,Healthcare,United States,Mid-Market
C00833,Customer 00833,Education,United States,Enterprise
C00834,Customer 00834,Construction,United States,Mid-Market
C00835,Customer 00835,Professional Services,Canada,SMB
C00836,Customer 00836,Retail,United States,Enterprise
C00837,Customer 00837,Retail,Australia,Mid-Market
C00838,Customer 00838,Professional Services,Singapore,SMB
C00839,Customer 00839,Technology,United States,Enterprise
C00840,Customer 00840,Technology,United States,SMB
C00841,Customer 00841,Retail,Germany,Mid-Market
C00842,Customer 00842,Professional Services,Australia,Enterprise
C00843,Customer 00843,Manufacturing,Singapore,Mid-Market
C00844,Customer 00844,Education,United Kingdom,Mid-Market
C00845,Customer 00845,Retail,Singapore,SMB
C00846,Customer 00846,Manufacturing,Canada,Enterprise
C00847,Customer 00847,Professional Services,Canada,Mid-Market
C00848,Customer 00848,Education,United Kingdom,Enterprise
C00849,Customer 00849,Professional Services,United States,Enterprise
C00850,Customer 00850,Education,Germany,Mid-Market
C00851,Customer 00851,Professional Services,Canada,Mid-Market
C00852,Customer 00852,Education,Australia,Enterprise
C00853,Customer 00853,Education,United States,Enterprise
C00854,Customer 00854,Construction,United States,Mid-Market
C00855,Customer 00855,Healthcare,United Kingdom,Mid-Market
C00856,Customer 00856,Technology,United Kingdom,SMB
C00857,Customer 00857,Technology,Canada,SMB
C00858,Customer 00858,Manufacturing,Australia,SMB
C00859,Customer 00859,Construction,Canada,Mid-Market
C00860,Customer 00860,Manufacturing,Canada,SMB
C00861,Customer 00861,Retail,United Kingdom,SMB
C00862,Customer 00862,Education,Singapore,Enterprise
C00863,Customer 00863,Manufacturing,Singapore,Enterprise
C00864,Customer 00864,Retail,Australia,SMB
C00865,Customer 00865,Retail,Germany,SMB
C00866,Customer 00866,Technology,United States,Mid-Market
C00867,Customer 00867,Technology,Germany,Enterprise
C00868,Customer 00868,Retail,United Kingdom,Mid-Market
C00869,Customer 00869,Construction,Germany,Mid-Market
C00870,Customer 00870,Healthcare,United Kingdom,Mid-Market
C00871,Customer 00871,Manufacturing,United Kingdom,Enterprise
C00872,Customer 00872,Education,United Kingdom,Mid-Market
C00873,Customer 00873,Technology,United Kingdom,Mid-Market
C00874,Customer 00874,Technology,Germany,Mid-Market
C00875,Customer 00875,Technology,United States,SMB
C00876,Customer 00876,Technology,United Kingdom,Mid-Market
C00877,Customer 00877,Construction,United States,Enterprise
C00878,Customer 00878,Education,Singapore,Enterprise
C00879,Customer 00879,Healthcare,United Kingdom,Mid-Market
C00880,Customer 00880,Professional Services,United Kingdom,SMB
C00881,Customer 00881,Healthcare,Australia,SMB
C00882,Customer 00882,Professional Services,Australia,Mid-Market
C00883,Customer 00883,Education,Singapore,Mid-Market
C00884,Customer 00884,Manufacturing,Germany,SMB
C00885,Customer 00885,Manufacturing,United Kingdom,Mid-Market
C00886,Customer 00886,Retail,United Kingdom,Enterprise
C00887,Customer 00887,Manufacturing,Singapore,Mid-Market
C00888,Customer 00888,Construction,United States,Enterprise
C00889,Customer 00889,Construction,United States,Enterprise
C00890,Customer 00890,Manufacturing,Germany,Enterprise
C00891,Customer 00891,Retail,United States,Mid-Market
C00892,Customer 00892,Technology,Singapore,Mid-Market
C00893,Customer 00893,Education,United States,Mid-Market
C00894,Customer 00894,Healthcare,United States,SMB
C00895,Customer 00895,Healthcare,Germany,SMB
C00896,Customer 00896,Education,United Kingdom,Enterprise
C00897,Customer 00897,Healthcare,Germany,SMB
C00898,Customer 00898,Construction,Canada,Enterprise
C00899,Customer 00899,Manufacturing,United Kingdom,SMB
C00900,Customer 00900,Technology,Germany,SMB
C00901,Customer 00901,Education,Canada,SMB
C00902,Customer 00902,Healthcare,Canada,Enterprise
C00903,Customer 00903,Education,United Kingdom,SMB
C00904,Customer 00904,Professional Services,United Kingdom,Enterprise
C00905,Customer 00905,Education,Singapore,SMB
C00906,Customer 00906,Healthcare,United States,SMB
C00907,Customer 00907,Manufacturing,United States,SMB
C00908,Customer 00908,Healthcare,Singapore,Mid-Market
C00909,Customer 00909,Retail,Germany,Mid-Market
C00910,Customer 00910,Education,Germany,Enterprise
C00911,Customer 00911,Technology,United States,SMB
C00912,Customer 00912,Construction,United States,Mid-Market
C00913,Customer 00913,Retail,Singapore,Mid-Market
C00914,Customer 00914,Technology,Germany,SMB
C00915,Customer 00915,Education,United Kingdom,Enterprise
C00916,Customer 00916,Healthcare,Germany,Mid-Market
C00917,Customer 00917,Construction,Germany,Enterprise
C00918,Customer 00918,Manufacturing,United Kingdom,Mid-Market
C00919,Customer 00919,Professional Services,Canada,Enterprise
C00920,Customer 00920,Healthcare,United States,Enterprise
C00921,Customer 00921,Professional Services,Germany,Mid-Market
C00922,Customer 00922,Manufacturing,Singapore,Enterprise
C00923,Customer 00923,Healthcare,Singapore,Enterprise
C00924,Customer 00924,Manufacturing,United States,Enterprise
C00925,Customer 00925,Technology,United States,Mid-Market
C00926,Customer 00926,Technology,United States,Enterprise
C00927,Customer 00927,Manufacturing,United Kingdom,SMB
C00928,Customer 00928,Healthcare,United States,Mid-Market
C00929,Customer 00929,Construction,United States,Mid-Market
C00930,Customer 00930,Manufacturing,Australia,Enterprise
C00931,Customer 00931,Retail,United Kingdom,Mid-Market
C00932,Customer 00932,Manufacturing,Australia,Enterprise
C00933,Customer 00933,Technology,Canada,Mid-Market
C00934,Customer 00934,Retail,United Kingdom,SMB
C00935,Customer 00935,Construction,United States,Enterprise
C00936,Customer 00936,Professional Services,Australia,Enterprise
C00937,Customer 00937,Professional Services,Canada,Enterprise
C00938,Customer 00938,Retail,United Kingdom,Enterprise
C00939,Customer 00939,Professional Services,United Kingdom,Mid-Market
C00940,Customer 00940,Technology,United States,SMB
C00941,Customer 00941,Manufacturing,United States,Mid-Market
C00942,Customer 00942,Construction,United States,SMB
C00943,Customer 00943,Technology,Germany,Mid-Market
C00944,Customer 00944,Retail,Germany,Mid-Market
C00945,Customer 00945,Technology,Australia,SMB
C00946,Customer 00946,Technology,Australia,Mid-Market
C00947,Customer 00947,Education,United States,SMB
C00948,Customer 00948,Professional Services,United States,SMB
C00949,Customer 00949,Education,United States,Enterprise
C00950,Customer 00950,Education,Australia,Mid-Market
C00951,Customer 00951,Healthcare,United Kingdom,Mid-Market
C00952,Customer 00952,Technology,Singapore,Mid-Market
C00953,Customer 00953,Education,United Kingdom,Enterprise
C00954,Customer 00954,Healthcare,Canada,SMB
C00955,Customer 00955,Professional Services,Australia,Mid-Market
C00956,Customer 00956,Education,Germany,Mid-Market
C00957,Customer 00957,Education,United Kingdom,Mid-Market
C00958,Customer 00958,Professional Services,Canada,Mid-Market
C00959,Customer 00959,Manufacturing,United States,SMB
C00960,Customer 00960,Construction,Germany,Enterprise
C00961,Customer 00961,Construction,Singapore,Enterprise
C00962,Customer 00962,Manufacturing,Germany,Enterprise
C00963,Customer 00963,Education,United States,SMB
C00964,Customer 00964,Technology,United Kingdom,Mid-Market
C00965,Customer 00965,Construction,United States,Enterprise
C00966,Customer 00966,Professional Services,Australia,Enterprise
C00967,Customer 00967,Technology,Canada,Mid-Market
C00968,Customer 00968,Technology,Germany,Enterprise
C00969,Customer 00969,Retail,United States,SMB
C00970,Customer 00970,Healthcare,Singapore,Mid-Market
C00971,Customer 00971,Manufacturing,United States,Enterprise
C00972,Customer 00972,Retail,Australia,Mid-Market
C00973,Customer 00973,Manufacturing,United States,SMB
C00974,Customer 00974,Construction,Singapore,Enterprise
C00975,Customer 00975,Construction,Germany,SMB
C00976,Customer 00976,Education,Singapore,Enterprise
C00977,Customer 00977,Professional Services,Singapore,Enterprise
C00978,Customer 00978,Technology,Germany,Enterprise
C00979,Customer 00979,Healthcare,Germany,SMB
C00980,Customer 00980,Retail,Canada,Mid-Market
C00981,Customer 00981,Retail,Australia,Mid-Market
C00982,Customer 00982,Professional Services,United Kingdom,SMB
C00983,Customer 00983,Education,Singapore,SMB
C00984,Customer 00984,Education,Singapore,Enterprise
C00985,Customer 00985,Healthcare,United States,SMB
C00986,Customer 00986,Healthcare,Singapore,Mid-Market
C00987,Customer 00987,Technology,Australia,Mid-Market
C00988,Customer 00988,Construction,United Kingdom,SMB
C00989,Customer 00989,Education,Germany,Enterprise
C00990,Customer 00990,Construction,Singapore,Mid-Market
C00991,Customer 00991,Construction,Germany,Enterprise
C00992,Customer 00992,Retail,United Kingdom,Mid-Market
C00993,Customer 00993,Retail,United Kingdom,Mid-Market
C00994,Customer 00994,Retail,Singapore,Mid-Market
C00995,Customer 00995,Manufacturing,United States,Mid-Market
C00996,Customer 00996,Retail,Australia,Mid-Market
C00997,Customer 00997,Retail,Singapore,SMB
C00998,Customer 00998,Technology,United Kingdom,SMB
C00999,Customer 00999,Education,Germany,SMB
C01000,Customer 01000,Retail,Germany,Mid-Market
C01001,Customer 01001,Construction,United Kingdom,Enterprise
C01002,Customer 01002,Healthcare,Singapore,Mid-Market
C01003,Customer 01003,Construction,Singapore,SMB
C01004,Customer 01004,Technology,United States,Enterprise
C01005,Customer 01005,Technology,United States,Enterprise
C01006,Customer 01006,Construction,Singapore,Mid-Market
C01007,Customer 01007,Technology,United Kingdom,Mid-Market
C01008,Customer 01008,Healthcare,Canada,Mid-Market
C01009,Customer 01009,Technology,Singapore,Mid-Market
C01010,Customer 01010,Construction,Australia,SMB
C01011,Customer 01011,Construction,Singapore,SMB
C01012,Customer 01012,Retail,United States,Enterprise
C01013,Customer 01013,Education,Singapore,Enterprise
C01014,Customer 01014,Healthcare,Canada,Enterprise
C01015,Customer 01015,Retail,Singapore,Mid-Market
C01016,Customer 01016,Professional Services,Singapore,SMB
C01017,Customer 01017,Professional Services,Singapore,Mid-Market
C01018,Customer 01018,Retail,Singapore,Mid-Market
C01019,Customer 01019,Technology,Singapore,SMB
C01020,Customer 01020,Education,United States,SMB
C01021,Customer 01021,Professional Services,Canada,Enterprise
C01022,Customer 01022,Construction,Germany,Mid-Market
C01023,Customer 01023,Manufacturing,Germany,Enterprise
C01024,Customer 01024,Construction,Canada,Mid-Market
C01025,Customer 01025,Professional Services,United Kingdom,SMB
C01026,Customer 01026,Technology,United Kingdom,Enterprise
C01027,Customer 01027,Education,Australia,Enterprise
C01028,Customer 01028,Retail,Canada,SMB
C01029,Customer 01029,Retail,Canada,Mid-Market
C01030,Customer 01030,Manufacturing,Germany,Mid-Market
C01031,Customer 01031,Technology,United States,Mid-Market
C01032,Customer 01032,Technology,Singapore,SMB
C01033,Customer 01033,Healthcare,Canada,SMB
C01034,Customer 01034,Retail,Germany,Enterprise
C01035,Customer 01035,Construction,United Kingdom,Enterprise
C01036,Customer 01036,Education,United Kingdom,Enterprise
C01037,Customer 01037,Retail,Australia,SMB
C01038,Customer 01038,Professional Services,Singapore,SMB
C01039,Customer 01039,Education,Canada,SMB
C01040,Customer 01040,Construction,United Kingdom,Enterprise
C01041,Customer 01041,Technology,Australia,SMB
C01042,Customer 01042,Healthcare,United States,Mid-Market
C01043,Customer 01043,Construction,Germany,SMB
C01044,Customer 01044,Education,United Kingdom,Enterprise
C01045,Customer 01045,Manufacturing,United States,Enterprise
C01046,Customer 01046,Retail,Canada,Mid-Market
C01047,Customer 01047,Professional Services,Australia,Mid-Market
C01048,Customer 01048,Education,Singapore,Enterprise
C01049,Customer 01049,Construction,United States,Mid-Market
C01050,Customer 01050,Education,Canada,Mid-Market
C01051,Customer 01051,Technology,United Kingdom,SMB
C01052,Customer 01052,Retail,United States,Enterprise
C01053,Customer 01053,Healthcare,United Kingdom,Mid-Market
C01054,Customer 01054,Education,Singapore,Mid-Market
C01055,Customer 01055,Technology,Canada,Enterprise
C01056,Customer 01056,Technology,United Kingdom,Enterprise
C01057,Customer 01057,Retail,United Kingdom,SMB
C01058,Customer 01058,Professional Services,United Kingdom,SMB
C01059,Customer 01059,Retail,United Kingdom,SMB
C01060,Customer 01060,Manufacturing,United Kingdom,SMB
C01061,Customer 01061,Healthcare,Canada,Enterprise
C01062,Customer 01062,Professional Services,United States,SMB
C01063,Customer 01063,Manufacturing,United Kingdom,Mid-Market
C01064,Customer 01064,Healthcare,Singapore,SMB
C01065,Customer 01065,Manufacturing,Canada,Enterprise
C01066,Customer 01066,Retail,Canada,Enterprise
C01067,Customer 01067,Technology,Canada,SMB
C01068,Customer 01068,Healthcare,Germany,Enterprise
C01069,Customer 01069,Healthcare,Canada,SMB
C01070,Customer 01070,Professional Services,United States,Enterprise
C01071,Customer 01071,Manufacturing,Germany,SMB
C01072,Customer 01072,Retail,Canada,Enterprise
C01073,Customer 01073,Manufacturing,Australia,Enterprise
C01074,Customer 01074,Manufacturing,Germany,SMB
C01075,Customer 01075,Manufacturing,United Kingdom,SMB
C01076,Customer 01076,Retail,Germany,Mid-Market
C01077,Customer 01077,Retail,United Kingdom,Enterprise
C01078,Customer 01078,Professional Services,Germany,SMB
C01079,Customer 01079,Education,United Kingdom,Enterprise
C01080,Customer 01080,Education,Germany,SMB
C01081,Customer 01081,Education,Singapore,Enterprise
C01082,Customer 01082,Professional Services,United States,SMB
C01083,Customer 01083,Technology,Germany,Mid-Market
C01084,Customer 01084,Technology,Canada,Mid-Market
C01085,Customer 01085,Technology,United Kingdom,SMB
C01086,Customer 01086,Technology,Australia,Enterprise
C01087,Customer 01087,Retail,United Kingdom,SMB
C01088,Customer 01088,Retail,Australia,Enterprise
C01089,Customer 01089,Retail,Australia,SMB
C01090,Customer 01090,Education,Australia,SMB
C01091,Customer 01091,Education,United States,SMB
C01092,Customer 01092,Professional Services,Canada,SMB
C01093,Customer 01093,Manufacturing,Canada,Mid-Market
C01094,Customer 01094,Professional Services,Germany,Mid-Market
C01095,Customer 01095,Retail,Germany,SMB
C01096,Customer 01096,Manufacturing,United Kingdom,Mid-Market
C01097,Customer 01097,Construction,Germany,SMB
C01098,Customer 01098,Construction,United States,Mid-Market
C01099,Customer 01099,Healthcare,United Kingdom,Enterprise
C01100,Customer 01100,Technology,Australia,Mid-Market
C01101,Customer 01101,Healthcare,Canada,SMB
C01102,Customer 01102,Construction,Australia,Mid-Market
C01103,Customer 01103,Manufacturing,Australia,SMB
C01104,Customer 01104,Professional Services,United Kingdom,Mid-Market
C01105,Customer 01105,Healthcare,Canada,SMB
C01106,Customer 01106,Education,United Kingdom,SMB
C01107,Customer 01107,Education,Australia,Mid-Market
C01108,Customer 01108,Professional Services,United Kingdom,SMB
C01109,Customer 01109,Retail,United Kingdom,Enterprise
C01110,Customer 01110,Technology,Australia,Enterprise
C01111,Customer 01111,Healthcare,Germany,SMB
C01112,Customer 01112,Education,United Kingdom,Mid-Market
C01113,Customer 01113,Technology,Australia,Enterprise
C01114,Customer 01114,Professional Services,United States,SMB
C01115,Customer 01115,Education,Singapore,SMB
C01116,Customer 01116,Healthcare,United Kingdom,Mid-Market
C01117,Customer 01117,Healthcare,Canada,Mid-Market
C01118,Customer 01118,Education,Singapore,Enterprise
C01119,Customer 01119,Education,United Kingdom,SMB
C01120,Customer 01120,Healthcare,Canada,Enterprise
C01121,Customer 01121,Technology,Australia,Mid-Market
C01122,Customer 01122,Manufacturing,Germany,Enterprise
C01123,Customer 01123,Manufacturing,Germany,Mid-Market
C01124,Customer 01124,Professional Services,Australia,Mid-Market
C01125,Customer 01125,Technology,Australia,SMB
C01126,Customer 01126,Manufacturing,Canada,SMB
C01127,Customer 01127,Technology,Canada,Mid-Market
C01128,Customer 01128,Technology,United States,SMB
C01129,Customer 01129,Construction,Canada,SMB
C01130,Customer 01130,Healthcare,Singapore,Mid-Market
C01131,Customer 01131,Healthcare,Canada,SMB
C01132,Customer 01132,Construction,Canada,Mid-Market
C01133,Customer 01133,Education,Singapore,SMB
C01134,Customer 01134,Healthcare,Singapore,Mid-Market
C01135,Customer 01135,Technology,Canada,Enterprise
C01136,Customer 01136,Manufacturing,Singapore,Mid-Market
C01137,Customer 01137,Construction,Singapore,SMB
C01138,Customer 01138,Education,Singapore,SMB
C01139,Customer 01139,Technology,United States,SMB
C01140,Customer 01140,Healthcare,United States,Mid-Market
C01141,Customer 01141,Technology,United States,Mid-Market
C01142,Customer 01142,Healthcare,United States,Enterprise
C01143,Customer 01143,Professional Services,Canada,Mid-Market
C01144,Customer 01144,Retail,Singapore,Mid-Market
C01145,Customer 01145,Professional Services,Germany,SMB
C01146,Customer 01146,Construction,Singapore,SMB
C01147,Customer 01147,Professional Services,Canada,Mid-Market
C01148,Customer 01148,Professional Services,Germany,Enterprise
C01149,Customer 01149,Education,United Kingdom,Enterprise
C01150,Customer 01150,Construction,Australia,Mid-Market
C01151,Customer 01151,Healthcare,Germany,SMB
C01152,Customer 01152,Construction,Australia,Mid-Market
C01153,Customer 01153,Construction,Canada,Mid-Market
C01154,Customer 01154,Education,Canada,SMB
C01155,Customer 01155,Manufacturing,Australia,Enterprise
C01156,Customer 01156,Construction,United Kingdom,SMB
C01157,Customer 01157,Technology,United Kingdom,SMB
C01158,Customer 01158,Technology,Germany,Enterprise
C01159,Customer 01159,Retail,Germany,Enterprise
C01160,Customer 01160,Technology,Canada,Mid-Market
C01161,Customer 01161,Healthcare,Singapore,SMB
C01162,Customer 01162,Technology,United Kingdom,Enterprise
C01163,Customer 01163,Retail,United States,Enterprise
C01164,Customer 01164,Healthcare,Canada,SMB
C01165,Customer 01165,Retail,Australia,Mid-Market
C01166,Customer 01166,Manufacturing,Singapore,Mid-Market
C01167,Customer 01167,Healthcare,Singapore,SMB
C01168,Customer 01168,Retail,United Kingdom,SMB
C01169,Customer 01169,Healthcare,Australia,Mid-Market
C01170,Customer 01170,Education,United Kingdom,Mid-Market
C01171,Customer 01171,Technology,Germany,Enterprise
C01172,Customer 01172,Education,Germany,Enterprise
C01173,Customer 01173,Professional Services,United Kingdom,Mid-Market
C01174,Customer 01174,Education,Canada,Enterprise
C01175,Customer 01175,Education,Canada,SMB
C01176,Customer 01176,Education,Singapore,Mid-Market
C01177,Customer 01177,Healthcare,United Kingdom,Mid-Market
C01178,Customer 01178,Technology,United States,SMB
C01179,Customer 01179,Education,Australia,SMB
C01180,Customer 01180,Education,Australia,Enterprise
C01181,Customer 01181,Professional Services,Canada,Mid-Market
C01182,Customer 01182,Professional Services,Canada,Enterprise
C01183,Customer 01183,Education,Australia,SMB
C01184,Customer 01184,Technology,United States,SMB
C01185,Customer 01185,Construction,United States,SMB
C01186,Customer 01186,Healthcare,Singapore,SMB
C01187,Customer 01187,Retail,Canada,Enterprise
C01188,Customer 01188,Education,Australia,SMB
C01189,Customer 01189,Retail,Germany,Mid-Market
C01190,Customer 01190,Retail,United States,SMB
C01191,Customer 01191,Education,Germany,SMB
C01192,Customer 01192,Healthcare,United Kingdom,SMB
C01193,Customer 01193,Retail,United States,Mid-Market
C01194,Customer 01194,Technology,Singapore,SMB
C01195,Customer 01195,Technology,Canada,Enterprise
C01196,Customer 01196,Retail,Singapore,Mid-Market
C01197,Customer 01197,Healthcare,Canada,Enterprise
C01198,Customer 01198,Education,Australia,Mid-Market
C01199,Customer 01199,Technology,Australia,Mid-Market
C01200,Customer 01200,Education,Australia,Mid-Market
C01201,Customer 01201,Education,Singapore,Enterprise
C01202,Customer 01202,Manufacturing,Canada,Enterprise
C01203,Customer 01203,Healthcare,Australia,Enterprise
C01204,Customer 01204,Retail,Germany,Enterprise
C01205,Customer 01205,Professional Services,Germany,Enterprise
C01206,Customer 01206,Manufacturing,Australia,SMB
C01207,Customer 01207,Healthcare,Canada,Mid-Market
C01208,Customer 01208,Professional Services,Germany,Mid-Market
C01209,Customer 01209,Technology,Australia,SMB
C01210,Customer 01210,Technology,Australia,Enterprise
C01211,Customer 01211,Healthcare,Australia,SMB
C01212,Customer 01212,Retail,Germany,Mid-Market
C01213,Customer 01213,Technology,United States,Mid-Market
C01214,Customer 01214,Education,United Kingdom,Enterprise
C01215,Customer 01215,Professional Services,Singapore,Mid-Market
C01216,Customer 01216,Retail,United Kingdom,SMB
C01217,Customer 01217,Retail,Germany,SMB
C01218,Customer 01218,Education,Australia,Enterprise
C01219,Customer 01219,Healthcare,Germany,SMB
C01220,Customer 01220,Professional Services,Canada,Enterprise
C01221,Customer 01221,Professional Services,Australia,Enterprise
C01222,Customer 01222,Education,Australia,SMB
C01223,Customer 01223,Construction,Canada,SMB
C01224,Customer 01224,Professional Services,Singapore,SMB
C01225,Customer 01225,Professional Services,United Kingdom,SMB
C01226,Customer 01226,Education,Singapore,Mid-Market
C01227,Customer 01227,Professional Services,Australia,Mid-Market
C01228,Customer 01228,Education,Singapore,Enterprise
C01229,Customer 01229,Healthcare,United States,Mid-Market
C01230,Customer 01230,Healthcare,Singapore,SMB
C01231,Customer 01231,Manufacturing,United States,Mid-Market
C01232,Customer 01232,Healthcare,United States,Mid-Market
C01233,Customer 01233,Construction,Singapore,SMB
C01234,Customer 01234,Professional Services,United Kingdom,Mid-Market
C01235,Customer 01235,Education,Singapore,Mid-Market
C01236,Customer 01236,Professional Services,Singapore,SMB
C01237,Customer 01237,Technology,Germany,SMB
C01238,Customer 01238,Healthcare,United Kingdom,Mid-Market
C01239,Customer 01239,Retail,Singapore,SMB
C01240,Customer 01240,Healthcare,United Kingdom,Mid-Market
C01241,Customer 01241,Technology,Canada,Enterprise
C01242,Customer 01242,Retail,United States,Mid-Market
C01243,Customer 01243,Technology,Singapore,Mid-Market
C01244,Customer 01244,Education,Singapore,Enterprise
C01245,Customer 01245,Manufacturing,Australia,SMB
C01246,Customer 01246,Education,Singapore,Enterprise
C01247,Customer 01247,Construction,Canada,SMB
C01248,Customer 01248,Education,Australia,Enterprise
C01249,Customer 01249,Healthcare,Canada,Enterprise
C01250,Customer 01250,Education,Germany,Enterprise
C01251,Customer 01251,Manufacturing,Singapore,Mid-Market
C01252,Customer 01252,Education,United States,Enterprise
C01253,Customer 01253,Education,United Kingdom,SMB
C01254,Customer 01254,Technology,United States,SMB
C01255,Customer 01255,Construction,Australia,SMB
C01256,Customer 01256,Technology,United States,Enterprise
C01257,Customer 01257,Retail,Canada,SMB
C01258,Customer 01258,Manufacturing,Germany,SMB
C01259,Customer 01259,Manufacturing,Singapore,SMB
C01260,Customer 01260,Retail,United States,Mid-Market
C01261,Customer 01261,Education,United States,Mid-Market
C01262,Customer 01262,Healthcare,United States,SMB
C01263,Customer 01263,Retail,United Kingdom,Mid-Market
C01264,Customer 01264,Education,Australia,SMB
C01265,Customer 01265,Healthcare,Australia,Mid-Market
C01266,Customer 01266,Technology,United Kingdom,SMB
C01267,Customer 01267,Construction,Singapore,Enterprise
C01268,Customer 01268,Technology,Singapore,SMB
C01269,Customer 01269,Construction,Canada,SMB
C01270,Customer 01270,Retail,Australia,Mid-Market
C01271,Customer 01271,Healthcare,United Kingdom,Enterprise
C01272,Customer 01272,Technology,Canada,Mid-Market
C01273,Customer 01273,Retail,Germany,SMB
C01274,Customer 01274,Manufacturing,United States,Mid-Market
C01275,Customer 01275,Education,Singapore,Mid-Market
C01276,Customer 01276,Professional Services,United Kingdom,SMB
C01277,Customer 01277,Construction,Singapore,SMB
C01278,Customer 01278,Healthcare,Singapore,Mid-Market
C01279,Customer 01279,Professional Services,Australia,SMB
C01280,Customer 01280,Education,Germany,SMB
C01281,Customer 01281,Manufacturing,United Kingdom,SMB
C01282,Customer 01282,Professional Services,Canada,Enterprise
C01283,Customer 01283,Construction,Germany,Enterprise
C01284,Customer 01284,Retail,United States,Mid-Market
C01285,Customer 01285,Retail,Canada,Mid-Market
C01286,Customer 01286,Education,Australia,Enterprise
C01287,Customer 01287,Manufacturing,Canada,Mid-Market
C01288,Customer 01288,Manufacturing,Australia,SMB
C01289,Customer 01289,Healthcare,United Kingdom,Mid-Market
C01290,Customer 01290,Healthcare,Singapore,Enterprise
C01291,Customer 01291,Manufacturing,Germany,Mid-Market
C01292,Customer 01292,Manufacturing,United Kingdom,Mid-Market
C01293,Customer 01293,Manufacturing,Singapore,Mid-Market
C01294,Customer 01294,Healthcare,Singapore,Enterprise
C01295,Customer 01295,Manufacturing,Germany,SMB
C01296,Customer 01296,Education,United Kingdom,SMB
C01297,Customer 01297,Construction,United Kingdom,Mid-Market
C01298,Customer 01298,Healthcare,United States,Enterprise
C01299,Customer 01299,Retail,United Kingdom,SMB
C01300,Customer 01300,Retail,Germany,Enterprise
C01301,Customer 01301,Professional Services,Australia,Mid-Market
C01302,Customer 01302,Healthcare,Canada,Enterprise
C01303,Customer 01303,Healthcare,United Kingdom,Mid-Market
C01304,Customer 01304,Construction,Singapore,Mid-Market
C01305,Customer 01305,Manufacturing,Germany,Enterprise
C01306,Customer 01306,Retail,Canada,SMB
C01307,Customer 01307,Manufacturing,Australia,SMB
C01308,Customer 01308,Retail,Singapore,Mid-Market
C01309,Customer 01309,Healthcare,United States,Mid-Market
C01310,Customer 01310,Manufacturing,Singapore,Mid-Market
C01311,Customer 01311,Manufacturing,United Kingdom,SMB
C01312,Customer 01312,Manufacturing,Canada,Mid-Market
C01313,Customer 01313,Healthcare,United States,SMB
C01314,Customer 01314,Education,Singapore,Mid-Market
C01315,Customer 01315,Technology,Singapore,Mid-Market
C01316,Customer 01316,Technology,United Kingdom,Enterprise
C01317,Customer 01317,Retail,Australia,SMB
C01318,Customer 01318,Education,Canada,SMB
C01319,Customer 01319,Professional Services,Australia,Enterprise
C01320,Customer 01320,Healthcare,United States,Enterprise
C01321,Customer 01321,Professional Services,United Kingdom,Enterprise
C01322,Customer 01322,Healthcare,Germany,Mid-Market
C01323,Customer 01323,Education,Australia,Mid-Market
C01324,Customer 01324,Education,United States,Mid-Market
C01325,Customer 01325,Retail,United Kingdom,Mid-Market
C01326,Customer 01326,Professional Services,United Kingdom,SMB
C01327,Customer 01327,Construction,Australia,Mid-Market
C01328,Customer 01328,Retail,Germany,Mid-Market
C01329,Customer 01329,Construction,Australia,SMB
C01330,Customer 01330,Retail,Australia,Mid-Market
C01331,Customer 01331,Professional Services,United Kingdom,Mid-Market
C01332,Customer 01332,Healthcare,United States,SMB
C01333,Customer 01333,Manufacturing,Germany,Enterprise
C01334,Customer 01334,Education,Australia,SMB
C01335,Customer 01335,Healthcare,United Kingdom,SMB
C01336,Customer 01336,Education,United States,SMB
C01337,Customer 01337,Technology,Singapore,Mid-Market
C01338,Customer 01338,Manufacturing,Australia,Enterprise
C01339,Customer 01339,Healthcare,United Kingdom,Mid-Market
C01340,Customer 01340,Professional Services,United Kingdom,Mid-Market
C01341,Customer 01341,Education,Germany,Enterprise
C01342,Customer 01342,Retail,Canada,Enterprise
C01343,Customer 01343,Healthcare,Australia,Enterprise
C01344,Customer 01344,Retail,United Kingdom,SMB
C01345,Customer 01345,Healthcare,Singapore,Mid-Market
C01346,Customer 01346,Professional Services,United Kingdom,SMB
C01347,Customer 01347,Healthcare,Singapore,SMB
C01348,Customer 01348,Construction,Canada,Enterprise
C01349,Customer 01349,Retail,United Kingdom,Enterprise
C01350,Customer 01350,Technology,Canada,Mid-Market
C01351,Customer 01351,Healthcare,United Kingdom,Mid-Market
C01352,Customer 01352,Construction,Singapore,SMB
C01353,Customer 01353,Construction,Australia,SMB
C01354,Customer 01354,Construction,United States,Enterprise
C01355,Customer 01355,Education,Australia,Enterprise
C01356,Customer 01356,Education,Canada,Mid-Market
C01357,Customer 01357,Healthcare,United States,Enterprise
C01358,Customer 01358,Professional Services,United Kingdom,Mid-Market
C01359,Customer 01359,Professional Services,Germany,Enterprise
C01360,Customer 01360,Technology,United Kingdom,Mid-Market
C01361,Customer 01361,Professional Services,United States,SMB
C01362,Customer 01362,Professional Services,United Kingdom,Mid-Market
C01363,Customer 01363,Healthcare,Singapore,Mid-Market
C01364,Customer 01364,Manufacturing,Germany,Enterprise
C01365,Customer 01365,Construction,United States,SMB
C01366,Customer 01366,Education,United Kingdom,Enterprise
C01367,Customer 01367,Manufacturing,Australia,Enterprise
C01368,Customer 01368,Education,United Kingdom,SMB
C01369,Customer 01369,Technology,Canada,Mid-Market
C01370,Customer 01370,Professional Services,United States,Mid-Market
C01371,Customer 01371,Retail,Canada,SMB
C01372,Customer 01372,Manufacturing,Germany,SMB
C01373,Customer 01373,Education,United States,SMB
C01374,Customer 01374,Education,Germany,Enterprise
C01375,Customer 01375,Education,Singapore,Mid-Market
C01376,Customer 01376,Education,United States,Enterprise
C01377,Customer 01377,Technology,United States,Mid-Market
C01378,Customer 01378,Construction,Germany,Enterprise
C01379,Customer 01379,Education,Canada,SMB
C01380,Customer 01380,Construction,Germany,SMB
C01381,Customer 01381,Education,Australia,SMB
C01382,Customer 01382,Manufacturing,Singapore,Enterprise
C01383,Customer 01383,Construction,Singapore,SMB
C01384,Customer 01384,Healthcare,Singapore,Mid-Market
C01385,Customer 01385,Technology,United States,SMB
C01386,Customer 01386,Technology,Canada,SMB
C01387,Customer 01387,Manufacturing,Australia,SMB
C01388,Customer 01388,Retail,United Kingdom,Enterprise
C01389,Customer 01389,Retail,United States,Enterprise
C01390,Customer 01390,Education,United Kingdom,SMB
C01391,Customer 01391,Education,Canada,SMB
C01392,Customer 01392,Manufacturing,United States,SMB
C01393,Customer 01393,Construction,Singapore,Enterprise
C01394,Customer 01394,Construction,Germany,Mid-Market
C01395,Customer 01395,Retail,Canada,Enterprise
C01396,Customer 01396,Retail,United Kingdom,SMB
C01397,Customer 01397,Manufacturing,United Kingdom,Mid-Market
C01398,Customer 01398,Education,Singapore,Mid-Market
C01399,Customer 01399,Construction,United Kingdom,Enterprise
C01400,Customer 01400,Retail,Germany,Enterprise
C01401,Customer 01401,Professional Services,Germany,Mid-Market
C01402,Customer 01402,Technology,Singapore,SMB
C01403,Customer 01403,Professional Services,United Kingdom,Mid-Market
C01404,Customer 01404,Technology,Singapore,SMB
C01405,Customer 01405,Construction,Singapore,SMB
C01406,Customer 01406,Manufacturing,United States,Mid-Market
C01407,Customer 01407,Construction,Canada,Mid-Market
C01408,Customer 01408,Healthcare,Canada,SMB
C01409,Customer 01409,Construction,Australia,Enterprise
C01410,Customer 01410,Education,Canada,Enterprise
C01411,Customer 01411,Education,Canada,SMB
C01412,Customer 01412,Education,Germany,Mid-Market
C01413,Customer 01413,Education,Germany,Enterprise
C01414,Customer 01414,Manufacturing,Singapore,Enterprise
C01415,Customer 01415,Healthcare,Australia,SMB
C01416,Customer 01416,Healthcare,Australia,SMB
C01417,Customer 01417,Professional Services,United States,Enterprise
C01418,Customer 01418,Construction,United States,Enterprise
C01419,Customer 01419,Technology,Australia,SMB
C01420,Customer 01420,Technology,Singapore,Enterprise
C01421,Customer 01421,Professional Services,Germany,Mid-Market
C01422,Customer 01422,Education,Singapore,Enterprise
C01423,Customer 01423,Retail,United States,SMB
C01424,Customer 01424,Construction,United Kingdom,Enterprise
C01425,Customer 01425,Technology,Singapore,Mid-Market
C01426,Customer 01426,Professional Services,Canada,SMB
C01427,Customer 01427,Healthcare,Canada,Enterprise
C01428,Customer 01428,Manufacturing,Australia,Enterprise
C01429,Customer 01429,Technology,Germany,SMB
C01430,Customer 01430,Healthcare,Germany,Mid-Market
C01431,Customer 01431,Technology,Singapore,Mid-Market
C01432,Customer 01432,Manufacturing,Germany,Mid-Market
C01433,Customer 01433,Manufacturing,United States,Enterprise
C01434,Customer 01434,Retail,United Kingdom,Enterprise
C01435,Customer 01435,Professional Services,Canada,SMB
C01436,Customer 01436,Healthcare,United States,Enterprise
C01437,Customer 01437,Manufacturing,Singapore,Enterprise
C01438,Customer 01438,Technology,Singapore,Mid-Market
C01439,Customer 01439,Education,United Kingdom,SMB
C01440,Customer 01440,Construction,Germany,SMB
C01441,Customer 01441,Professional Services,United States,Mid-Market
C01442,Customer 01442,Healthcare,Australia,Enterprise
C01443,Customer 01443,Healthcare,United States,Enterprise
C01444,Customer 01444,Retail,Canada,Mid-Market
C01445,Customer 01445,Construction,Australia,Mid-Market
C01446,Customer 01446,Healthcare,United States,Mid-Market
C01447,Customer 01447,Manufacturing,United States,Mid-Market
C01448,Customer 01448,Healthcare,United States,Mid-Market
C01449,Customer 01449,Retail,United Kingdom,Enterprise
C01450,Customer 01450,Manufacturing,United Kingdom,SMB
C01451,Customer 01451,Manufacturing,Singapore,Mid-Market
C01452,Customer 01452,Manufacturing,United States,Enterprise
C01453,Customer 01453,Education,Germany,Enterprise
C01454,Customer 01454,Healthcare,Australia,Enterprise
C01455,Customer 01455,Education,Germany,Mid-Market
C01456,Customer 01456,Manufacturing,Canada,Mid-Market
C01457,Customer 01457,Education,Australia,Mid-Market
C01458,Customer 01458,Manufacturing,Germany,SMB
C01459,Customer 01459,Construction,Australia,Enterprise
C01460,Customer 01460,Education,Singapore,Enterprise
C01461,Customer 01461,Professional Services,United Kingdom,SMB
C01462,Customer 01462,Manufacturing,United Kingdom,Mid-Market
C01463,Customer 01463,Technology,Australia,SMB
C01464,Customer 01464,Retail,United Kingdom,Enterprise
C01465,Customer 01465,Retail,United Kingdom,Mid-Market
C01466,Customer 01466,Healthcare,Singapore,SMB
C01467,Customer 01467,Technology,Canada,Enterprise
C01468,Customer 01468,Manufacturing,Canada,Enterprise
C01469,Customer 01469,Technology,Australia,Enterprise
C01470,Customer 01470,Technology,Germany,SMB
C01471,Customer 01471,Technology,Australia,SMB
C01472,Customer 01472,Construction,Australia,Enterprise
C01473,Customer 01473,Healthcare,Singapore,Enterprise
C01474,Customer 01474,Retail,Singapore,Mid-Market
C01475,Customer 01475,Professional Services,Singapore,Mid-Market
C01476,Customer 01476,Healthcare,Singapore,Mid-Market
C01477,Customer 01477,Healthcare,Canada,SMB
C01478,Customer 01478,Education,Germany,Mid-Market
C01479,Customer 01479,Education,United Kingdom,Enterprise
C01480,Customer 01480,Education,Canada,SMB
C01481,Customer 01481,Professional Services,Singapore,SMB
C01482,Customer 01482,Manufacturing,Australia,SMB
C01483,Customer 01483,Professional Services,Australia,Mid-Market
C01484,Customer 01484,Education,Canada,SMB
C01485,Customer 01485,Retail,United Kingdom,Enterprise
C01486,Customer 01486,Professional Services,Singapore,Enterprise
C01487,Customer 01487,Retail,Germany,Mid-Market
C01488,Customer 01488,Construction,United Kingdom,Enterprise
C01489,Customer 01489,Manufacturing,Singapore,SMB
C01490,Customer 01490,Manufacturing,Germany,SMB
C01491,Customer 01491,Healthcare,Canada,SMB
C01492,Customer 01492,Retail,Australia,Mid-Market
C01493,Customer 01493,Manufacturing,Germany,Mid-Market
C01494,Customer 01494,Professional Services,Canada,SMB
C01495,Customer 01495,Technology,United States,Enterprise
C01496,Customer 01496,Construction,United Kingdom,SMB
C01497,Customer 01497,Professional Services,Singapore,SMB
C01498,Customer 01498,Education,United Kingdom,Mid-Market
C01499,Customer 01499,Technology,Singapore,SMB
C01500,Customer 01500,Education,United States,Enterprise
