RawCampaignKey,RawCampaignName,CampaignID
CAM0001_A1,uki-brand-001,CAM0001
CAM0001_A2,UKI Brand 001,CAM0001
CAM0001_A3,UKI-Brand-001,CAM0001
CAM0002_A1,anz-brand-002,CAM0002
CAM0002_A2,ANZ Brand 002,CAM0002
CAM0002_A3,AU-NZ-Brand-002,CAM0002
CAM0003_A1,uki-brand-003,CAM0003
CAM0003_A2,UKI Brand 003,CAM0003
CAM0003_A3,UKI-Brand-003,CAM0003
CAM0004_A1,north america-lead-gen-004,CAM0004
CAM0004_A2,North America Lead Gen 004,CAM0004
CAM0004_A3,North America-Lead-Gen-004,CAM0004
CAM0005_A1,uki-product-launch-005,CAM0005
CAM0005_A2,UKI Product Launch 005,CAM0005
CAM0005_A3,UKI-Product-Launch-005,CAM0005
CAM0006_A1,anz-webinar-006,CAM0006
CAM0006_A2,ANZ Webinar 006,CAM0006
CAM0006_A3,AU-NZ-Webinar-006,CAM0006
CAM0007_A1,sea-lead-gen-007,CAM0007
CAM0007_A2,SEA Lead Gen 007,CAM0007
CAM0007_A3,SEA-Lead-Gen-007,CAM0007
CAM0008_A1,uki-brand-008,CAM0008
CAM0008_A2,UKI Brand 008,CAM0008
CAM0008_A3,UKI-Brand-008,CAM0008
CAM0009_A1,dach-webinar-009,CAM0009
CAM0009_A2,DACH Webinar 009,CAM0009
CAM0009_A3,DACH-Webinar-009,CAM0009
CAM0010_A1,uki-brand-010,CAM0010
CAM0010_A2,UKI Brand 010,CAM0010
CAM0010_A3,UKI-Brand-010,CAM0010
CAM0011_A1,anz-webinar-011,CAM0011
CAM0011_A2,ANZ Webinar 011,CAM0011
CAM0011_A3,AU-NZ-Webinar-011,CAM0011
CAM0012_A1,north america-webinar-012,CAM0012
CAM0012_A2,North America Webinar 012,CAM0012
CAM0012_A3,North America-Webinar-012,CAM0012
CAM0013_A1,dach-product-launch-013,CAM0013
CAM0013_A2,DACH Product Launch 013,CAM0013
CAM0013_A3,DACH-Product-Launch-013,CAM0013
CAM0014_A1,anz-brand-014,CAM0014
CAM0014_A2,ANZ Brand 014,CAM0014
CAM0014_A3,AU-NZ-Brand-014,CAM0014
CAM0015_A1,north america-retargeting-015,CAM0015
CAM0015_A2,North America Retargeting 015,CAM0015
CAM0015_A3,North America-Retargeting-015,CAM0015
CAM0016_A1,dach-product-launch-016,CAM0016
CAM0016_A2,DACH Product Launch 016,CAM0016
CAM0016_A3,DACH-Product-Launch-016,CAM0016
CAM0017_A1,uki-lead-gen-017,CAM0017
CAM0017_A2,UKI Lead Gen 017,CAM0017
CAM0017_A3,UKI-Lead-Gen-017,CAM0017
CAM0018_A1,dach-retargeting-018,CAM0018
CAM0018_A2,DACH Retargeting 018,CAM0018
CAM0018_A3,DACH-Retargeting-018,CAM0018
CAM0019_A1,uki-product-launch-019,CAM0019
CAM0019_A2,UKI Product Launch 019,CAM0019
CAM0019_A3,UKI-Product-Launch-019,CAM0019
CAM0020_A1,north america-brand-020,CAM0020
CAM0020_A2,North America Brand 020,CAM0020
CAM0020_A3,North America-Brand-020,CAM0020
CAM0021_A1,north america-retargeting-021,CAM0021
CAM0021_A2,North America Retargeting 021,CAM0021
CAM0021_A3,North America-Retargeting-021,CAM0021
CAM0022_A1,anz-retargeting-022,CAM0022
CAM0022_A2,ANZ Retargeting 022,CAM0022
CAM0022_A3,AU-NZ-Retargeting-022,CAM0022
CAM0023_A1,sea-retargeting-023,CAM0023
CAM0023_A2,SEA Retargeting 023,CAM0023
CAM0023_A3,SEA-Retargeting-023,CAM0023
CAM0024_A1,dach-brand-024,CAM0024
CAM0024_A2,DACH Brand 024,CAM0024
CAM0024_A3,DACH-Brand-024,CAM0024
CAM0025_A1,anz-brand-025,CAM0025
CAM0025_A2,ANZ Brand 025,CAM0025
CAM0025_A3,AU-NZ-Brand-025,CAM0025
CAM0026_A1,north america-product-launch-026,CAM0026
CAM0026_A2,North America Product Launch 026,CAM0026
CAM0026_A3,North America-Product-Launch-026,CAM0026
CAM0027_A1,anz-brand-027,CAM0027
CAM0027_A2,ANZ Brand 027,CAM0027
CAM0027_A3,AU-NZ-Brand-027,CAM0027
CAM0028_A1,sea-retargeting-028,CAM0028
CAM0028_A2,SEA Retargeting 028,CAM0028
CAM0028_A3,SEA-Retargeting-028,CAM0028
CAM0029_A1,north america-retargeting-029,CAM0029
CAM0029_A2,North America Retargeting 029,CAM0029
CAM0029_A3,North America-Retargeting-029,CAM0029
CAM0030_A1,sea-lead-gen-030,CAM0030
CAM0030_A2,SEA Lead Gen 030,CAM0030
CAM0030_A3,SEA-Lead-Gen-030,CAM0030
CAM0031_A1,dach-brand-031,CAM0031
CAM0031_A2,DACH Brand 031,CAM0031
CAM0031_A3,DACH-Brand-031,CAM0031
CAM0032_A1,sea-product-launch-032,CAM0032
CAM0032_A2,SEA Product Launch 032,CAM0032
CAM0032_A3,SEA-Product-Launch-032,CAM0032
CAM0033_A1,dach-brand-033,CAM0033
CAM0033_A2,DACH Brand 033,CAM0033
CAM0033_A3,DACH-Brand-033,CAM0033
CAM0034_A1,uki-product-launch-034,CAM0034
CAM0034_A2,UKI Product Launch 034,CAM0034
CAM0034_A3,UKI-Product-Launch-034,CAM0034
CAM0035_A1,sea-webinar-035,CAM0035
CAM0035_A2,SEA Webinar 035,CAM0035
CAM0035_A3,SEA-Webinar-035,CAM0035
CAM0036_A1,anz-brand-036,CAM0036
CAM0036_A2,ANZ Brand 036,CAM0036
CAM0036_A3,AU-NZ-Brand-036,CAM0036
CAM0037_A1,dach-product-launch-037,CAM0037
CAM0037_A2,DACH Product Launch 037,CAM0037
CAM0037_A3,DACH-Product-Launch-037,CAM0037
CAM0038_A1,north america-brand-038,CAM0038
CAM0038_A2,North America Brand 038,CAM0038
CAM0038_A3,North America-Brand-038,CAM0038
CAM0039_A1,north america-retargeting-039,CAM0039
CAM0039_A2,North America Retargeting 039,CAM0039
CAM0039_A3,North America-Retargeting-039,CAM0039
CAM0040_A1,sea-webinar-040,CAM0040
CAM0040_A2,SEA Webinar 040,CAM0040
CAM0040_A3,SEA-Webinar-040,CAM0040
CAM0041_A1,sea-retargeting-041,CAM0041
CAM0041_A2,SEA Retargeting 041,CAM0041
CAM0041_A3,SEA-Retargeting-041,CAM0041
CAM0042_A1,anz-product-launch-042,CAM0042
CAM0042_A2,ANZ Product Launch 042,CAM0042
CAM0042_A3,AU-NZ-Product-Launch-042,CAM0042
CAM0043_A1,sea-product-launch-043,CAM0043
CAM0043_A2,SEA Product Launch 043,CAM0043
CAM0043_A3,SEA-Product-Launch-043,CAM0043
CAM0044_A1,anz-retargeting-044,CAM0044
CAM0044_A2,ANZ Retargeting 044,CAM0044
CAM0044_A3,AU-NZ-Retargeting-044,CAM0044
CAM0045_A1,uki-product-launch-045,CAM0045
CAM0045_A2,UKI Product Launch 045,CAM0045
CAM0045_A3,UKI-Product-Launch-045,CAM0045
CAM0046_A1,dach-brand-046,CAM0046
CAM0046_A2,DACH Brand 046,CAM0046
CAM0046_A3,DACH-Brand-046,CAM0046
CAM0047_A1,uki-webinar-047,CAM0047
CAM0047_A2,UKI Webinar 047,CAM0047
CAM0047_A3,UKI-Webinar-047,CAM0047
CAM0048_A1,sea-brand-048,CAM0048
CAM0048_A2,SEA Brand 048,CAM0048
CAM0048_A3,SEA-Brand-048,CAM0048
CAM0049_A1,sea-brand-049,CAM0049
CAM0049_A2,SEA Brand 049,CAM0049
CAM0049_A3,SEA-Brand-049,CAM0049
CAM0050_A1,anz-retargeting-050,CAM0050
CAM0050_A2,ANZ Retargeting 050,CAM0050
CAM0050_A3,AU-NZ-Retargeting-050,CAM0050
CAM0051_A1,dach-lead-gen-051,CAM0051
CAM0051_A2,DACH Lead Gen 051,CAM0051
CAM0051_A3,DACH-Lead-Gen-051,CAM0051
CAM0052_A1,north america-lead-gen-052,CAM0052
CAM0052_A2,North America Lead Gen 052,CAM0052
CAM0052_A3,North America-Lead-Gen-052,CAM0052
CAM0053_A1,anz-product-launch-053,CAM0053
CAM0053_A2,ANZ Product Launch 053,CAM0053
CAM0053_A3,AU-NZ-Product-Launch-053,CAM0053
CAM0054_A1,dach-brand-054,CAM0054
CAM0054_A2,DACH Brand 054,CAM0054
CAM0054_A3,DACH-Brand-054,CAM0054
CAM0055_A1,north america-webinar-055,CAM0055
CAM0055_A2,North America Webinar 055,CAM0055
CAM0055_A3,North America-Webinar-055,CAM0055
CAM0056_A1,uki-retargeting-056,CAM0056
CAM0056_A2,UKI Retargeting 056,CAM0056
CAM0056_A3,UKI-Retargeting-056,CAM0056
CAM0057_A1,north america-brand-057,CAM0057
CAM0057_A2,North America Brand 057,CAM0057
CAM0057_A3,North America-Brand-057,CAM0057
CAM0058_A1,north america-lead-gen-058,CAM0058
CAM0058_A2,North America Lead Gen 058,CAM0058
CAM0058_A3,North America-Lead-Gen-058,CAM0058
CAM0059_A1,dach-product-launch-059,CAM0059
CAM0059_A2,DACH Product Launch 059,CAM0059
CAM0059_A3,DACH-Product-Launch-059,CAM0059
CAM0060_A1,dach-product-launch-060,CAM0060
CAM0060_A2,DACH Product Launch 060,CAM0060
CAM0060_A3,DACH-Product-Launch-060,CAM0060
CAM0061_A1,sea-webinar-061,CAM0061
CAM0061_A2,SEA Webinar 061,CAM0061
CAM0061_A3,SEA-Webinar-061,CAM0061
CAM0062_A1,dach-brand-062,CAM0062
CAM0062_A2,DACH Brand 062,CAM0062
CAM0062_A3,DACH-Brand-062,CAM0062
CAM0063_A1,uki-brand-063,CAM0063
CAM0063_A2,UKI Brand 063,CAM0063
CAM0063_A3,UKI-Brand-063,CAM0063
CAM0064_A1,north america-product-launch-064,CAM0064
CAM0064_A2,North America Product Launch 064,CAM0064
CAM0064_A3,North America-Product-Launch-064,CAM0064
CAM0065_A1,uki-retargeting-065,CAM0065
CAM0065_A2,UKI Retargeting 065,CAM0065
CAM0065_A3,UKI-Retargeting-065,CAM0065
CAM0066_A1,dach-webinar-066,CAM0066
CAM0066_A2,DACH Webinar 066,CAM0066
CAM0066_A3,DACH-Webinar-066,CAM0066
CAM0067_A1,anz-brand-067,CAM0067
CAM0067_A2,ANZ Brand 067,CAM0067
CAM0067_A3,AU-NZ-Brand-067,CAM0067
CAM0068_A1,sea-lead-gen-068,CAM0068
CAM0068_A2,SEA Lead Gen 068,CAM0068
CAM0068_A3,SEA-Lead-Gen-068,CAM0068
CAM0069_A1,dach-product-launch-069,CAM0069
CAM0069_A2,DACH Product Launch 069,CAM0069
CAM0069_A3,DACH-Product-Launch-069,CAM0069
CAM0070_A1,anz-retargeting-070,CAM0070
CAM0070_A2,ANZ Retargeting 070,CAM0070
CAM0070_A3,AU-NZ-Retargeting-070,CAM0070
CAM0071_A1,north america-brand-071,CAM0071
CAM0071_A2,North America Brand 071,CAM0071
CAM0071_A3,North America-Brand-071,CAM0071
CAM0072_A1,dach-webinar-072,CAM0072
CAM0072_A2,DACH Webinar 072,CAM0072
CAM0072_A3,DACH-Webinar-072,CAM0072
CAM0073_A1,anz-product-launch-073,CAM0073
CAM0073_A2,ANZ Product Launch 073,CAM0073
CAM0073_A3,AU-NZ-Product-Launch-073,CAM0073
CAM0074_A1,north america-lead-gen-074,CAM0074
CAM0074_A2,North America Lead Gen 074,CAM0074
CAM0074_A3,North America-Lead-Gen-074,CAM0074
CAM0075_A1,uki-webinar-075,CAM0075
CAM0075_A2,UKI Webinar 075,CAM0075
CAM0075_A3,UKI-Webinar-075,CAM0075
CAM0076_A1,dach-brand-076,CAM0076
CAM0076_A2,DACH Brand 076,CAM0076
CAM0076_A3,DACH-Brand-076,CAM0076
CAM0077_A1,north america-lead-gen-077,CAM0077
CAM0077_A2,North America Lead Gen 077,CAM0077
CAM0077_A3,North America-Lead-Gen-077,CAM0077
CAM0078_A1,dach-lead-gen-078,CAM0078
CAM0078_A2,DACH Lead Gen 078,CAM0078
CAM0078_A3,DACH-Lead-Gen-078,CAM0078
CAM0079_A1,anz-brand-079,CAM0079
CAM0079_A2,ANZ Brand 079,CAM0079
CAM0079_A3,AU-NZ-Brand-079,CAM0079
CAM0080_A1,dach-product-launch-080,CAM0080
CAM0080_A2,DACH Product Launch 080,CAM0080
CAM0080_A3,DACH-Product-Launch-080,CAM0080
CAM0081_A1,dach-retargeting-081,CAM0081
CAM0081_A2,DACH Retargeting 081,CAM0081
CAM0081_A3,DACH-Retargeting-081,CAM0081
CAM0082_A1,anz-retargeting-082,CAM0082
CAM0082_A2,ANZ Retargeting 082,CAM0082
CAM0082_A3,AU-NZ-Retargeting-082,CAM0082
CAM0083_A1,uki-brand-083,CAM0083
CAM0083_A2,UKI Brand 083,CAM0083
CAM0083_A3,UKI-Brand-083,CAM0083
CAM0084_A1,north america-brand-084,CAM0084
CAM0084_A2,North America Brand 084,CAM0084
CAM0084_A3,North America-Brand-084,CAM0084
CAM0085_A1,dach-brand-085,CAM0085
CAM0085_A2,DACH Brand 085,CAM0085
CAM0085_A3,DACH-Brand-085,CAM0085
CAM0086_A1,north america-webinar-086,CAM0086
CAM0086_A2,North America Webinar 086,CAM0086
CAM0086_A3,North America-Webinar-086,CAM0086
CAM0087_A1,anz-retargeting-087,CAM0087
CAM0087_A2,ANZ Retargeting 087,CAM0087
CAM0087_A3,AU-NZ-Retargeting-087,CAM0087
CAM0088_A1,anz-brand-088,CAM0088
CAM0088_A2,ANZ Brand 088,CAM0088
CAM0088_A3,AU-NZ-Brand-088,CAM0088
CAM0089_A1,uki-brand-089,CAM0089
CAM0089_A2,UKI Brand 089,CAM0089
CAM0089_A3,UKI-Brand-089,CAM0089
CAM0090_A1,dach-webinar-090,CAM0090
CAM0090_A2,DACH Webinar 090,CAM0090
CAM0090_A3,DACH-Webinar-090,CAM0090
CAM0091_A1,dach-webinar-091,CAM0091
CAM0091_A2,DACH Webinar 091,CAM0091
CAM0091_A3,DACH-Webinar-091,CAM0091
CAM0092_A1,north america-lead-gen-092,CAM0092
CAM0092_A2,North America Lead Gen 092,CAM0092
CAM0092_A3,North America-Lead-Gen-092,CAM0092
CAM0093_A1,uki-webinar-093,CAM0093
CAM0093_A2,UKI Webinar 093,CAM0093
CAM0093_A3,UKI-Webinar-093,CAM0093
CAM0094_A1,dach-brand-094,CAM0094
CAM0094_A2,DACH Brand 094,CAM0094
CAM0094_A3,DACH-Brand-094,CAM0094
CAM0095_A1,sea-brand-095,CAM0095
CAM0095_A2,SEA Brand 095,CAM0095
CAM0095_A3,SEA-Brand-095,CAM0095
CAM0096_A1,sea-brand-096,CAM0096
CAM0096_A2,SEA Brand 096,CAM0096
CAM0096_A3,SEA-Brand-096,CAM0096
CAM0097_A1,sea-lead-gen-097,CAM0097
CAM0097_A2,SEA Lead Gen 097,CAM0097
CAM0097_A3,SEA-Lead-Gen-097,CAM0097
CAM0098_A1,anz-webinar-098,CAM0098
CAM0098_A2,ANZ Webinar 098,CAM0098
CAM0098_A3,AU-NZ-Webinar-098,CAM0098
CAM0099_A1,north america-lead-gen-099,CAM0099
CAM0099_A2,North America Lead Gen 099,CAM0099
CAM0099_A3,North America-Lead-Gen-099,CAM0099
CAM0100_A1,north america-lead-gen-100,CAM0100
CAM0100_A2,North America Lead Gen 100,CAM0100
CAM0100_A3,North America-Lead-Gen-100,CAM0100
CAM0101_A1,dach-brand-101,CAM0101
CAM0101_A2,DACH Brand 101,CAM0101
CAM0101_A3,DACH-Brand-101,CAM0101
CAM0102_A1,uki-brand-102,CAM0102
CAM0102_A2,UKI Brand 102,CAM0102
CAM0102_A3,UKI-Brand-102,CAM0102
CAM0103_A1,north america-brand-103,CAM0103
CAM0103_A2,North America Brand 103,CAM0103
CAM0103_A3,North America-Brand-103,CAM0103
CAM0104_A1,anz-retargeting-104,CAM0104
CAM0104_A2,ANZ Retargeting 104,CAM0104
CAM0104_A3,AU-NZ-Retargeting-104,CAM0104
CAM0105_A1,anz-webinar-105,CAM0105
CAM0105_A2,ANZ Webinar 105,CAM0105
CAM0105_A3,AU-NZ-Webinar-105,CAM0105
CAM0106_A1,dach-lead-gen-106,CAM0106
CAM0106_A2,DACH Lead Gen 106,CAM0106
CAM0106_A3,DACH-Lead-Gen-106,CAM0106
CAM0107_A1,anz-brand-107,CAM0107
CAM0107_A2,ANZ Brand 107,CAM0107
CAM0107_A3,AU-NZ-Brand-107,CAM0107
CAM0108_A1,anz-webinar-108,CAM0108
CAM0108_A2,ANZ Webinar 108,CAM0108
CAM0108_A3,AU-NZ-Webinar-108,CAM0108
CAM0109_A1,dach-retargeting-109,CAM0109
CAM0109_A2,DACH Retargeting 109,CAM0109
CAM0109_A3,DACH-Retargeting-109,CAM0109
CAM0110_A1,dach-retargeting-110,CAM0110
CAM0110_A2,DACH Retargeting 110,CAM0110
CAM0110_A3,DACH-Retargeting-110,CAM0110
CAM0111_A1,north america-product-launch-111,CAM0111
CAM0111_A2,North America Product Launch 111,CAM0111
CAM0111_A3,North America-Product-Launch-111,CAM0111
CAM0112_A1,sea-product-launch-112,CAM0112
CAM0112_A2,SEA Product Launch 112,CAM0112
CAM0112_A3,SEA-Product-Launch-112,CAM0112
CAM0113_A1,sea-brand-113,CAM0113
CAM0113_A2,SEA Brand 113,CAM0113
CAM0113_A3,SEA-Brand-113,CAM0113
CAM0114_A1,anz-webinar-114,CAM0114
CAM0114_A2,ANZ Webinar 114,CAM0114
CAM0114_A3,AU-NZ-Webinar-114,CAM0114
CAM0115_A1,anz-lead-gen-115,CAM0115
CAM0115_A2,ANZ Lead Gen 115,CAM0115
CAM0115_A3,AU-NZ-Lead-Gen-115,CAM0115
CAM0116_A1,north america-retargeting-116,CAM0116
CAM0116_A2,North America Retargeting 116,CAM0116
CAM0116_A3,North America-Retargeting-116,CAM0116
CAM0117_A1,anz-webinar-117,CAM0117
CAM0117_A2,ANZ Webinar 117,CAM0117
CAM0117_A3,AU-NZ-Webinar-117,CAM0117
CAM0118_A1,sea-product-launch-118,CAM0118
CAM0118_A2,SEA Product Launch 118,CAM0118
CAM0118_A3,SEA-Product-Launch-118,CAM0118
CAM0119_A1,dach-retargeting-119,CAM0119
CAM0119_A2,DACH Retargeting 119,CAM0119
CAM0119_A3,DACH-Retargeting-119,CAM0119
CAM0120_A1,sea-product-launch-120,CAM0120
CAM0120_A2,SEA Product Launch 120,CAM0120
CAM0120_A3,SEA-Product-Launch-120,CAM0120
CAM0121_A1,north america-webinar-121,CAM0121
CAM0121_A2,North America Webinar 121,CAM0121
CAM0121_A3,North America-Webinar-121,CAM0121
CAM0122_A1,sea-retargeting-122,CAM0122
CAM0122_A2,SEA Retargeting 122,CAM0122
CAM0122_A3,SEA-Retargeting-122,CAM0122
CAM0123_A1,uki-webinar-123,CAM0123
CAM0123_A2,UKI Webinar 123,CAM0123
CAM0123_A3,UKI-Webinar-123,CAM0123
CAM0124_A1,uki-lead-gen-124,CAM0124
CAM0124_A2,UKI Lead Gen 124,CAM0124
CAM0124_A3,UKI-Lead-Gen-124,CAM0124
CAM0125_A1,north america-retargeting-125,CAM0125
CAM0125_A2,North America Retargeting 125,CAM0125
CAM0125_A3,North America-Retargeting-125,CAM0125
CAM0126_A1,uki-webinar-126,CAM0126
CAM0126_A2,UKI Webinar 126,CAM0126
CAM0126_A3,UKI-Webinar-126,CAM0126
CAM0127_A1,dach-brand-127,CAM0127
CAM0127_A2,DACH Brand 127,CAM0127
CAM0127_A3,DACH-Brand-127,CAM0127
CAM0128_A1,north america-retargeting-128,CAM0128
CAM0128_A2,North America Retargeting 128,CAM0128
CAM0128_A3,North America-Retargeting-128,CAM0128
CAM0129_A1,uki-webinar-129,CAM0129
CAM0129_A2,UKI Webinar 129,CAM0129
CAM0129_A3,UKI-Webinar-129,CAM0129
CAM0130_A1,sea-webinar-130,CAM0130
CAM0130_A2,SEA Webinar 130,CAM0130
CAM0130_A3,SEA-Webinar-130,CAM0130
CAM0131_A1,north america-retargeting-131,CAM0131
CAM0131_A2,North America Retargeting 131,CAM0131
CAM0131_A3,North America-Retargeting-131,CAM0131
CAM0132_A1,north america-webinar-132,CAM0132
CAM0132_A2,North America Webinar 132,CAM0132
CAM0132_A3,North America-Webinar-132,CAM0132
CAM0133_A1,sea-brand-133,CAM0133
CAM0133_A2,SEA Brand 133,CAM0133
CAM0133_A3,SEA-Brand-133,CAM0133
CAM0134_A1,uki-retargeting-134,CAM0134
CAM0134_A2,UKI Retargeting 134,CAM0134
CAM0134_A3,UKI-Retargeting-134,CAM0134
CAM0135_A1,dach-product-launch-135,CAM0135
CAM0135_A2,DACH Product Launch 135,CAM0135
CAM0135_A3,DACH-Product-Launch-135,CAM0135
CAM0136_A1,north america-brand-136,CAM0136
CAM0136_A2,North America Brand 136,CAM0136
CAM0136_A3,North America-Brand-136,CAM0136
CAM0137_A1,north america-webinar-137,CAM0137
CAM0137_A2,North America Webinar 137,CAM0137
CAM0137_A3,North America-Webinar-137,CAM0137
CAM0138_A1,anz-lead-gen-138,CAM0138
CAM0138_A2,ANZ Lead Gen 138,CAM0138
CAM0138_A3,AU-NZ-Lead-Gen-138,CAM0138
CAM0139_A1,uki-webinar-139,CAM0139
CAM0139_A2,UKI Webinar 139,CAM0139
CAM0139_A3,UKI-Webinar-139,CAM0139
CAM0140_A1,anz-lead-gen-140,CAM0140
CAM0140_A2,ANZ Lead Gen 140,CAM0140
CAM0140_A3,AU-NZ-Lead-Gen-140,CAM0140
CAM0141_A1,dach-brand-141,CAM0141
CAM0141_A2,DACH Brand 141,CAM0141
CAM0141_A3,DACH-Brand-141,CAM0141
CAM0142_A1,sea-lead-gen-142,CAM0142
CAM0142_A2,SEA Lead Gen 142,CAM0142
CAM0142_A3,SEA-Lead-Gen-142,CAM0142
CAM0143_A1,sea-product-launch-143,CAM0143
CAM0143_A2,SEA Product Launch 143,CAM0143
CAM0143_A3,SEA-Product-Launch-143,CAM0143
CAM0144_A1,sea-webinar-144,CAM0144
CAM0144_A2,SEA Webinar 144,CAM0144
CAM0144_A3,SEA-Webinar-144,CAM0144
CAM0145_A1,anz-lead-gen-145,CAM0145
CAM0145_A2,ANZ Lead Gen 145,CAM0145
CAM0145_A3,AU-NZ-Lead-Gen-145,CAM0145
CAM0146_A1,uki-retargeting-146,CAM0146
CAM0146_A2,UKI Retargeting 146,CAM0146
CAM0146_A3,UKI-Retargeting-146,CAM0146
CAM0147_A1,sea-product-launch-147,CAM0147
CAM0147_A2,SEA Product Launch 147,CAM0147
CAM0147_A3,SEA-Product-Launch-147,CAM0147
CAM0148_A1,uki-webinar-148,CAM0148
CAM0148_A2,UKI Webinar 148,CAM0148
CAM0148_A3,UKI-Webinar-148,CAM0148
CAM0149_A1,sea-product-launch-149,CAM0149
CAM0149_A2,SEA Product Launch 149,CAM0149
CAM0149_A3,SEA-Product-Launch-149,CAM0149
CAM0150_A1,uki-webinar-150,CAM0150
CAM0150_A2,UKI Webinar 150,CAM0150
CAM0150_A3,UKI-Webinar-150,CAM0150
CAM0151_A1,dach-retargeting-151,CAM0151
CAM0151_A2,DACH Retargeting 151,CAM0151
CAM0151_A3,DACH-Retargeting-151,CAM0151
CAM0152_A1,sea-webinar-152,CAM0152
CAM0152_A2,SEA Webinar 152,CAM0152
CAM0152_A3,SEA-Webinar-152,CAM0152
CAM0153_A1,north america-lead-gen-153,CAM0153
CAM0153_A2,North America Lead Gen 153,CAM0153
CAM0153_A3,North America-Lead-Gen-153,CAM0153
CAM0154_A1,uki-retargeting-154,CAM0154
CAM0154_A2,UKI Retargeting 154,CAM0154
CAM0154_A3,UKI-Retargeting-154,CAM0154
CAM0155_A1,anz-webinar-155,CAM0155
CAM0155_A2,ANZ Webinar 155,CAM0155
CAM0155_A3,AU-NZ-Webinar-155,CAM0155
CAM0156_A1,sea-lead-gen-156,CAM0156
CAM0156_A2,SEA Lead Gen 156,CAM0156
CAM0156_A3,SEA-Lead-Gen-156,CAM0156
CAM0157_A1,uki-lead-gen-157,CAM0157
CAM0157_A2,UKI Lead Gen 157,CAM0157
CAM0157_A3,UKI-Lead-Gen-157,CAM0157
CAM0158_A1,uki-webinar-158,CAM0158
CAM0158_A2,UKI Webinar 158,CAM0158
CAM0158_A3,UKI-Webinar-158,CAM0158
CAM0159_A1,uki-lead-gen-159,CAM0159
CAM0159_A2,UKI Lead Gen 159,CAM0159
CAM0159_A3,UKI-Lead-Gen-159,CAM0159
CAM0160_A1,uki-lead-gen-160,CAM0160
CAM0160_A2,UKI Lead Gen 160,CAM0160
CAM0160_A3,UKI-Lead-Gen-160,CAM0160
CAM0161_A1,uki-webinar-161,CAM0161
CAM0161_A2,UKI Webinar 161,CAM0161
CAM0161_A3,UKI-Webinar-161,CAM0161
CAM0162_A1,anz-retargeting-162,CAM0162
CAM0162_A2,ANZ Retargeting 162,CAM0162
CAM0162_A3,AU-NZ-Retargeting-162,CAM0162
CAM0163_A1,north america-product-launch-163,CAM0163
CAM0163_A2,North America Product Launch 163,CAM0163
CAM0163_A3,North America-Product-Launch-163,CAM0163
CAM0164_A1,anz-webinar-164,CAM0164
CAM0164_A2,ANZ Webinar 164,CAM0164
CAM0164_A3,AU-NZ-Webinar-164,CAM0164
CAM0165_A1,dach-lead-gen-165,CAM0165
CAM0165_A2,DACH Lead Gen 165,CAM0165
CAM0165_A3,DACH-Lead-Gen-165,CAM0165
CAM0166_A1,dach-brand-166,CAM0166
CAM0166_A2,DACH Brand 166,CAM0166
CAM0166_A3,DACH-Brand-166,CAM0166
CAM0167_A1,north america-brand-167,CAM0167
CAM0167_A2,North America Brand 167,CAM0167
CAM0167_A3,North America-Brand-167,CAM0167
CAM0168_A1,dach-brand-168,CAM0168
CAM0168_A2,DACH Brand 168,CAM0168
CAM0168_A3,DACH-Brand-168,CAM0168
CAM0169_A1,uki-lead-gen-169,CAM0169
CAM0169_A2,UKI Lead Gen 169,CAM0169
CAM0169_A3,UKI-Lead-Gen-169,CAM0169
CAM0170_A1,anz-product-launch-170,CAM0170
CAM0170_A2,ANZ Product Launch 170,CAM0170
CAM0170_A3,AU-NZ-Product-Launch-170,CAM0170
CAM0171_A1,anz-brand-171,CAM0171
CAM0171_A2,ANZ Brand 171,CAM0171
CAM0171_A3,AU-NZ-Brand-171,CAM0171
CAM0172_A1,north america-webinar-172,CAM0172
CAM0172_A2,North America Webinar 172,CAM0172
CAM0172_A3,North America-Webinar-172,CAM0172
CAM0173_A1,sea-webinar-173,CAM0173
CAM0173_A2,SEA Webinar 173,CAM0173
CAM0173_A3,SEA-Webinar-173,CAM0173
CAM0174_A1,dach-retargeting-174,CAM0174
CAM0174_A2,DACH Retargeting 174,CAM0174
CAM0174_A3,DACH-Retargeting-174,CAM0174
CAM0175_A1,north america-brand-175,CAM0175
CAM0175_A2,North America Brand 175,CAM0175
CAM0175_A3,North America-Brand-175,CAM0175
CAM0176_A1,sea-webinar-176,CAM0176
CAM0176_A2,SEA Webinar 176,CAM0176
CAM0176_A3,SEA-Webinar-176,CAM0176
CAM0177_A1,dach-lead-gen-177,CAM0177
CAM0177_A2,DACH Lead Gen 177,CAM0177
CAM0177_A3,DACH-Lead-Gen-177,CAM0177
CAM0178_A1,north america-brand-178,CAM0178
CAM0178_A2,North America Brand 178,CAM0178
CAM0178_A3,North America-Brand-178,CAM0178
CAM0179_A1,anz-brand-179,CAM0179
CAM0179_A2,ANZ Brand 179,CAM0179
CAM0179_A3,AU-NZ-Brand-179,CAM0179
CAM0180_A1,anz-brand-180,CAM0180
CAM0180_A2,ANZ Brand 180,CAM0180
CAM0180_A3,AU-NZ-Brand-180,CAM0180
CAM0181_A1,uki-product-launch-181,CAM0181
CAM0181_A2,UKI Product Launch 181,CAM0181
CAM0181_A3,UKI-Product-Launch-181,CAM0181
CAM0182_A1,dach-retargeting-182,CAM0182
CAM0182_A2,DACH Retargeting 182,CAM0182
CAM0182_A3,DACH-Retargeting-182,CAM0182
CAM0183_A1,north america-brand-183,CAM0183
CAM0183_A2,North America Brand 183,CAM0183
CAM0183_A3,North America-Brand-183,CAM0183
CAM0184_A1,anz-brand-184,CAM0184
CAM0184_A2,ANZ Brand 184,CAM0184
CAM0184_A3,AU-NZ-Brand-184,CAM0184
CAM0185_A1,dach-retargeting-185,CAM0185
CAM0185_A2,DACH Retargeting 185,CAM0185
CAM0185_A3,DACH-Retargeting-185,CAM0185
CAM0186_A1,uki-retargeting-186,CAM0186
CAM0186_A2,UKI Retargeting 186,CAM0186
CAM0186_A3,UKI-Retargeting-186,CAM0186
CAM0187_A1,uki-brand-187,CAM0187
CAM0187_A2,UKI Brand 187,CAM0187
CAM0187_A3,UKI-Brand-187,CAM0187
CAM0188_A1,dach-product-launch-188,CAM0188
CAM0188_A2,DACH Product Launch 188,CAM0188
CAM0188_A3,DACH-Product-Launch-188,CAM0188
CAM0189_A1,dach-webinar-189,CAM0189
CAM0189_A2,DACH Webinar 189,CAM0189
CAM0189_A3,DACH-Webinar-189,CAM0189
CAM0190_A1,sea-lead-gen-190,CAM0190
CAM0190_A2,SEA Lead Gen 190,CAM0190
CAM0190_A3,SEA-Lead-Gen-190,CAM0190
CAM0191_A1,anz-webinar-191,CAM0191
CAM0191_A2,ANZ Webinar 191,CAM0191
CAM0191_A3,AU-NZ-Webinar-191,CAM0191
CAM0192_A1,sea-product-launch-192,CAM0192
CAM0192_A2,SEA Product Launch 192,CAM0192
CAM0192_A3,SEA-Product-Launch-192,CAM0192
CAM0193_A1,uki-webinar-193,CAM0193
CAM0193_A2,UKI Webinar 193,CAM0193
CAM0193_A3,UKI-Webinar-193,CAM0193
CAM0194_A1,north america-retargeting-194,CAM0194
CAM0194_A2,North America Retargeting 194,CAM0194
CAM0194_A3,North America-Retargeting-194,CAM0194
CAM0195_A1,sea-lead-gen-195,CAM0195
CAM0195_A2,SEA Lead Gen 195,CAM0195
CAM0195_A3,SEA-Lead-Gen-195,CAM0195
CAM0196_A1,sea-brand-196,CAM0196
CAM0196_A2,SEA Brand 196,CAM0196
CAM0196_A3,SEA-Brand-196,CAM0196
CAM0197_A1,uki-lead-gen-197,CAM0197
CAM0197_A2,UKI Lead Gen 197,CAM0197
CAM0197_A3,UKI-Lead-Gen-197,CAM0197
CAM0198_A1,north america-lead-gen-198,CAM0198
CAM0198_A2,North America Lead Gen 198,CAM0198
CAM0198_A3,North America-Lead-Gen-198,CAM0198
CAM0199_A1,north america-lead-gen-199,CAM0199
CAM0199_A2,North America Lead Gen 199,CAM0199
CAM0199_A3,North America-Lead-Gen-199,CAM0199
CAM0200_A1,dach-retargeting-200,CAM0200
CAM0200_A2,DACH Retargeting 200,CAM0200
CAM0200_A3,DACH-Retargeting-200,CAM0200
CAM0201_A1,anz-brand-201,CAM0201
CAM0201_A2,ANZ Brand 201,CAM0201
CAM0201_A3,AU-NZ-Brand-201,CAM0201
CAM0202_A1,north america-retargeting-202,CAM0202
CAM0202_A2,North America Retargeting 202,CAM0202
CAM0202_A3,North America-Retargeting-202,CAM0202
CAM0203_A1,uki-brand-203,CAM0203
CAM0203_A2,UKI Brand 203,CAM0203
CAM0203_A3,UKI-Brand-203,CAM0203
CAM0204_A1,sea-retargeting-204,CAM0204
CAM0204_A2,SEA Retargeting 204,CAM0204
CAM0204_A3,SEA-Retargeting-204,CAM0204
CAM0205_A1,dach-retargeting-205,CAM0205
CAM0205_A2,DACH Retargeting 205,CAM0205
CAM0205_A3,DACH-Retargeting-205,CAM0205
CAM0206_A1,anz-retargeting-206,CAM0206
CAM0206_A2,ANZ Retargeting 206,CAM0206
CAM0206_A3,AU-NZ-Retargeting-206,CAM0206
CAM0207_A1,sea-product-launch-207,CAM0207
CAM0207_A2,SEA Product Launch 207,CAM0207
CAM0207_A3,SEA-Product-Launch-207,CAM0207
CAM0208_A1,dach-product-launch-208,CAM0208
CAM0208_A2,DACH Product Launch 208,CAM0208
CAM0208_A3,DACH-Product-Launch-208,CAM0208
CAM0209_A1,uki-lead-gen-209,CAM0209
CAM0209_A2,UKI Lead Gen 209,CAM0209
CAM0209_A3,UKI-Lead-Gen-209,CAM0209
CAM0210_A1,anz-brand-210,CAM0210
CAM0210_A2,ANZ Brand 210,CAM0210
CAM0210_A3,AU-NZ-Brand-210,CAM0210
CAM0211_A1,dach-retargeting-211,CAM0211
CAM0211_A2,DACH Retargeting 211,CAM0211
CAM0211_A3,DACH-Retargeting-211,CAM0211
CAM0212_A1,north america-retargeting-212,CAM0212
CAM0212_A2,North America Retargeting 212,CAM0212
CAM0212_A3,North America-Retargeting-212,CAM0212
CAM0213_A1,sea-product-launch-213,CAM0213
CAM0213_A2,SEA Product Launch 213,CAM0213
CAM0213_A3,SEA-Product-Launch-213,CAM0213
CAM0214_A1,uki-product-launch-214,CAM0214
CAM0214_A2,UKI Product Launch 214,CAM0214
CAM0214_A3,UKI-Product-Launch-214,CAM0214
CAM0215_A1,uki-lead-gen-215,CAM0215
CAM0215_A2,UKI Lead Gen 215,CAM0215
CAM0215_A3,UKI-Lead-Gen-215,CAM0215
CAM0216_A1,dach-lead-gen-216,CAM0216
CAM0216_A2,DACH Lead Gen 216,CAM0216
CAM0216_A3,DACH-Lead-Gen-216,CAM0216
CAM0217_A1,north america-retargeting-217,CAM0217
CAM0217_A2,North America Retargeting 217,CAM0217
CAM0217_A3,North America-Retargeting-217,CAM0217
CAM0218_A1,north america-webinar-218,CAM0218
CAM0218_A2,North America Webinar 218,CAM0218
CAM0218_A3,North America-Webinar-218,CAM0218
CAM0219_A1,sea-product-launch-219,CAM0219
CAM0219_A2,SEA Product Launch 219,CAM0219
CAM0219_A3,SEA-Product-Launch-219,CAM0219
CAM0220_A1,uki-lead-gen-220,CAM0220
CAM0220_A2,UKI Lead Gen 220,CAM0220
CAM0220_A3,UKI-Lead-Gen-220,CAM0220
CAM0221_A1,anz-webinar-221,CAM0221
CAM0221_A2,ANZ Webinar 221,CAM0221
CAM0221_A3,AU-NZ-Webinar-221,CAM0221
CAM0222_A1,anz-webinar-222,CAM0222
CAM0222_A2,ANZ Webinar 222,CAM0222
CAM0222_A3,AU-NZ-Webinar-222,CAM0222
CAM0223_A1,dach-product-launch-223,CAM0223
CAM0223_A2,DACH Product Launch 223,CAM0223
CAM0223_A3,DACH-Product-Launch-223,CAM0223
CAM0224_A1,uki-lead-gen-224,CAM0224
CAM0224_A2,UKI Lead Gen 224,CAM0224
CAM0224_A3,UKI-Lead-Gen-224,CAM0224
CAM0225_A1,dach-brand-225,CAM0225
CAM0225_A2,DACH Brand 225,CAM0225
CAM0225_A3,DACH-Brand-225,CAM0225
CAM0226_A1,sea-lead-gen-226,CAM0226
CAM0226_A2,SEA Lead Gen 226,CAM0226
CAM0226_A3,SEA-Lead-Gen-226,CAM0226
CAM0227_A1,sea-lead-gen-227,CAM0227
CAM0227_A2,SEA Lead Gen 227,CAM0227
CAM0227_A3,SEA-Lead-Gen-227,CAM0227
CAM0228_A1,dach-product-launch-228,CAM0228
CAM0228_A2,DACH Product Launch 228,CAM0228
CAM0228_A3,DACH-Product-Launch-228,CAM0228
CAM0229_A1,dach-retargeting-229,CAM0229
CAM0229_A2,DACH Retargeting 229,CAM0229
CAM0229_A3,DACH-Retargeting-229,CAM0229
CAM0230_A1,uki-lead-gen-230,CAM0230
CAM0230_A2,UKI Lead Gen 230,CAM0230
CAM0230_A3,UKI-Lead-Gen-230,CAM0230
CAM0231_A1,anz-product-launch-231,CAM0231
CAM0231_A2,ANZ Product Launch 231,CAM0231
CAM0231_A3,AU-NZ-Product-Launch-231,CAM0231
CAM0232_A1,sea-lead-gen-232,CAM0232
CAM0232_A2,SEA Lead Gen 232,CAM0232
CAM0232_A3,SEA-Lead-Gen-232,CAM0232
CAM0233_A1,anz-retargeting-233,CAM0233
CAM0233_A2,ANZ Retargeting 233,CAM0233
CAM0233_A3,AU-NZ-Retargeting-233,CAM0233
CAM0234_A1,anz-lead-gen-234,CAM0234
CAM0234_A2,ANZ Lead Gen 234,CAM0234
CAM0234_A3,AU-NZ-Lead-Gen-234,CAM0234
CAM0235_A1,sea-retargeting-235,CAM0235
CAM0235_A2,SEA Retargeting 235,CAM0235
CAM0235_A3,SEA-Retargeting-235,CAM0235
CAM0236_A1,anz-brand-236,CAM0236
CAM0236_A2,ANZ Brand 236,CAM0236
CAM0236_A3,AU-NZ-Brand-236,CAM0236
CAM0237_A1,uki-retargeting-237,CAM0237
CAM0237_A2,UKI Retargeting 237,CAM0237
CAM0237_A3,UKI-Retargeting-237,CAM0237
CAM0238_A1,uki-retargeting-238,CAM0238
CAM0238_A2,UKI Retargeting 238,CAM0238
CAM0238_A3,UKI-Retargeting-238,CAM0238
CAM0239_A1,dach-product-launch-239,CAM0239
CAM0239_A2,DACH Product Launch 239,CAM0239
CAM0239_A3,DACH-Product-Launch-239,CAM0239
CAM0240_A1,anz-brand-240,CAM0240
CAM0240_A2,ANZ Brand 240,CAM0240
CAM0240_A3,AU-NZ-Brand-240,CAM0240
CAM0241_A1,dach-retargeting-241,CAM0241
CAM0241_A2,DACH Retargeting 241,CAM0241
CAM0241_A3,DACH-Retargeting-241,CAM0241
CAM0242_A1,uki-product-launch-242,CAM0242
CAM0242_A2,UKI Product Launch 242,CAM0242
CAM0242_A3,UKI-Product-Launch-242,CAM0242
CAM0243_A1,uki-brand-243,CAM0243
CAM0243_A2,UKI Brand 243,CAM0243
CAM0243_A3,UKI-Brand-243,CAM0243
CAM0244_A1,north america-webinar-244,CAM0244
CAM0244_A2,North America Webinar 244,CAM0244
CAM0244_A3,North America-Webinar-244,CAM0244
CAM0245_A1,dach-retargeting-245,CAM0245
CAM0245_A2,DACH Retargeting 245,CAM0245
CAM0245_A3,DACH-Retargeting-245,CAM0245
CAM0246_A1,north america-product-launch-246,CAM0246
CAM0246_A2,North America Product Launch 246,CAM0246
CAM0246_A3,North America-Product-Launch-246,CAM0246
CAM0247_A1,uki-webinar-247,CAM0247
CAM0247_A2,UKI Webinar 247,CAM0247
CAM0247_A3,UKI-Webinar-247,CAM0247
CAM0248_A1,north america-product-launch-248,CAM0248
CAM0248_A2,North America Product Launch 248,CAM0248
CAM0248_A3,North America-Product-Launch-248,CAM0248
CAM0249_A1,sea-product-launch-249,CAM0249
CAM0249_A2,SEA Product Launch 249,CAM0249
CAM0249_A3,SEA-Product-Launch-249,CAM0249
CAM0250_A1,sea-webinar-250,CAM0250
CAM0250_A2,SEA Webinar 250,CAM0250
CAM0250_A3,SEA-Webinar-250,CAM0250
CAM0251_A1,sea-webinar-251,CAM0251
CAM0251_A2,SEA Webinar 251,CAM0251
CAM0251_A3,SEA-Webinar-251,CAM0251
CAM0252_A1,anz-retargeting-252,CAM0252
CAM0252_A2,ANZ Retargeting 252,CAM0252
CAM0252_A3,AU-NZ-Retargeting-252,CAM0252
CAM0253_A1,north america-retargeting-253,CAM0253
CAM0253_A2,North America Retargeting 253,CAM0253
CAM0253_A3,North America-Retargeting-253,CAM0253
CAM0254_A1,dach-product-launch-254,CAM0254
CAM0254_A2,DACH Product Launch 254,CAM0254
CAM0254_A3,DACH-Product-Launch-254,CAM0254
CAM0255_A1,north america-brand-255,CAM0255
CAM0255_A2,North America Brand 255,CAM0255
CAM0255_A3,North America-Brand-255,CAM0255
CAM0256_A1,uki-brand-256,CAM0256
CAM0256_A2,UKI Brand 256,CAM0256
CAM0256_A3,UKI-Brand-256,CAM0256
CAM0257_A1,uki-brand-257,CAM0257
CAM0257_A2,UKI Brand 257,CAM0257
CAM0257_A3,UKI-Brand-257,CAM0257
CAM0258_A1,dach-lead-gen-258,CAM0258
CAM0258_A2,DACH Lead Gen 258,CAM0258
CAM0258_A3,DACH-Lead-Gen-258,CAM0258
CAM0259_A1,sea-retargeting-259,CAM0259
CAM0259_A2,SEA Retargeting 259,CAM0259
CAM0259_A3,SEA-Retargeting-259,CAM0259
CAM0260_A1,anz-brand-260,CAM0260
CAM0260_A2,ANZ Brand 260,CAM0260
CAM0260_A3,AU-NZ-Brand-260,CAM0260
CAM0261_A1,sea-webinar-261,CAM0261
CAM0261_A2,SEA Webinar 261,CAM0261
CAM0261_A3,SEA-Webinar-261,CAM0261
CAM0262_A1,uki-retargeting-262,CAM0262
CAM0262_A2,UKI Retargeting 262,CAM0262
CAM0262_A3,UKI-Retargeting-262,CAM0262
CAM0263_A1,north america-lead-gen-263,CAM0263
CAM0263_A2,North America Lead Gen 263,CAM0263
CAM0263_A3,North America-Lead-Gen-263,CAM0263
CAM0264_A1,dach-retargeting-264,CAM0264
CAM0264_A2,DACH Retargeting 264,CAM0264
CAM0264_A3,DACH-Retargeting-264,CAM0264
CAM0265_A1,north america-retargeting-265,CAM0265
CAM0265_A2,North America Retargeting 265,CAM0265
CAM0265_A3,North America-Retargeting-265,CAM0265
CAM0266_A1,dach-brand-266,CAM0266
CAM0266_A2,DACH Brand 266,CAM0266
CAM0266_A3,DACH-Brand-266,CAM0266
CAM0267_A1,sea-brand-267,CAM0267
CAM0267_A2,SEA Brand 267,CAM0267
CAM0267_A3,SEA-Brand-267,CAM0267
CAM0268_A1,anz-lead-gen-268,CAM0268
CAM0268_A2,ANZ Lead Gen 268,CAM0268
CAM0268_A3,AU-NZ-Lead-Gen-268,CAM0268
CAM0269_A1,uki-product-launch-269,CAM0269
CAM0269_A2,UKI Product Launch 269,CAM0269
CAM0269_A3,UKI-Product-Launch-269,CAM0269
CAM0270_A1,anz-brand-270,CAM0270
CAM0270_A2,ANZ Brand 270,CAM0270
CAM0270_A3,AU-NZ-Brand-270,CAM0270
CAM0271_A1,dach-lead-gen-271,CAM0271
CAM0271_A2,DACH Lead Gen 271,CAM0271
CAM0271_A3,DACH-Lead-Gen-271,CAM0271
CAM0272_A1,dach-brand-272,CAM0272
CAM0272_A2,DACH Brand 272,CAM0272
CAM0272_A3,DACH-Brand-272,CAM0272
CAM0273_A1,sea-webinar-273,CAM0273
CAM0273_A2,SEA Webinar 273,CAM0273
CAM0273_A3,SEA-Webinar-273,CAM0273
CAM0274_A1,anz-retargeting-274,CAM0274
CAM0274_A2,ANZ Retargeting 274,CAM0274
CAM0274_A3,AU-NZ-Retargeting-274,CAM0274
CAM0275_A1,uki-retargeting-275,CAM0275
CAM0275_A2,UKI Retargeting 275,CAM0275
CAM0275_A3,UKI-Retargeting-275,CAM0275
CAM0276_A1,uki-webinar-276,CAM0276
CAM0276_A2,UKI Webinar 276,CAM0276
CAM0276_A3,UKI-Webinar-276,CAM0276
CAM0277_A1,dach-lead-gen-277,CAM0277
CAM0277_A2,DACH Lead Gen 277,CAM0277
CAM0277_A3,DACH-Lead-Gen-277,CAM0277
CAM0278_A1,north america-brand-278,CAM0278
CAM0278_A2,North America Brand 278,CAM0278
CAM0278_A3,North America-Brand-278,CAM0278
CAM0279_A1,anz-retargeting-279,CAM0279
CAM0279_A2,ANZ Retargeting 279,CAM0279
CAM0279_A3,AU-NZ-Retargeting-279,CAM0279
CAM0280_A1,sea-product-launch-280,CAM0280
CAM0280_A2,SEA Product Launch 280,CAM0280
CAM0280_A3,SEA-Product-Launch-280,CAM0280
CAM0281_A1,anz-lead-gen-281,CAM0281
CAM0281_A2,ANZ Lead Gen 281,CAM0281
CAM0281_A3,AU-NZ-Lead-Gen-281,CAM0281
CAM0282_A1,anz-lead-gen-282,CAM0282
CAM0282_A2,ANZ Lead Gen 282,CAM0282
CAM0282_A3,AU-NZ-Lead-Gen-282,CAM0282
CAM0283_A1,sea-brand-283,CAM0283
CAM0283_A2,SEA Brand 283,CAM0283
CAM0283_A3,SEA-Brand-283,CAM0283
CAM0284_A1,sea-brand-284,CAM0284
CAM0284_A2,SEA Brand 284,CAM0284
CAM0284_A3,SEA-Brand-284,CAM0284
CAM0285_A1,anz-product-launch-285,CAM0285
CAM0285_A2,ANZ Product Launch 285,CAM0285
CAM0285_A3,AU-NZ-Product-Launch-285,CAM0285
CAM0286_A1,north america-brand-286,CAM0286
CAM0286_A2,North America Brand 286,CAM0286
CAM0286_A3,North America-Brand-286,CAM0286
CAM0287_A1,north america-product-launch-287,CAM0287
CAM0287_A2,North America Product Launch 287,CAM0287
CAM0287_A3,North America-Product-Launch-287,CAM0287
CAM0288_A1,dach-retargeting-288,CAM0288
CAM0288_A2,DACH Retargeting 288,CAM0288
CAM0288_A3,DACH-Retargeting-288,CAM0288
CAM0289_A1,north america-brand-289,CAM0289
CAM0289_A2,North America Brand 289,CAM0289
CAM0289_A3,North America-Brand-289,CAM0289
CAM0290_A1,sea-lead-gen-290,CAM0290
CAM0290_A2,SEA Lead Gen 290,CAM0290
CAM0290_A3,SEA-Lead-Gen-290,CAM0290
CAM0291_A1,north america-product-launch-291,CAM0291
CAM0291_A2,North America Product Launch 291,CAM0291
CAM0291_A3,North America-Product-Launch-291,CAM0291
CAM0292_A1,dach-retargeting-292,CAM0292
CAM0292_A2,DACH Retargeting 292,CAM0292
CAM0292_A3,DACH-Retargeting-292,CAM0292
CAM0293_A1,uki-brand-293,CAM0293
CAM0293_A2,UKI Brand 293,CAM0293
CAM0293_A3,UKI-Brand-293,CAM0293
CAM0294_A1,north america-retargeting-294,CAM0294
CAM0294_A2,North America Retargeting 294,CAM0294
CAM0294_A3,North America-Retargeting-294,CAM0294
CAM0295_A1,anz-product-launch-295,CAM0295
CAM0295_A2,ANZ Product Launch 295,CAM0295
CAM0295_A3,AU-NZ-Product-Launch-295,CAM0295
CAM0296_A1,anz-product-launch-296,CAM0296
CAM0296_A2,ANZ Product Launch 296,CAM0296
CAM0296_A3,AU-NZ-Product-Launch-296,CAM0296
CAM0297_A1,sea-brand-297,CAM0297
CAM0297_A2,SEA Brand 297,CAM0297
CAM0297_A3,SEA-Brand-297,CAM0297
CAM0298_A1,anz-webinar-298,CAM0298
CAM0298_A2,ANZ Webinar 298,CAM0298
CAM0298_A3,AU-NZ-Webinar-298,CAM0298
CAM0299_A1,uki-retargeting-299,CAM0299
CAM0299_A2,UKI Retargeting 299,CAM0299
CAM0299_A3,UKI-Retargeting-299,CAM0299
CAM0300_A1,north america-webinar-300,CAM0300
CAM0300_A2,North America Webinar 300,CAM0300
CAM0300_A3,North America-Webinar-300,CAM0300
