ProductID,ProductName,Category,PrimarySupplierID,UnitCost,UnitPrice,LeadTimeDays,SafetyStockUnits
P00001,Product 00001,Home,S0072,10.94,23.09,29,109
P00002,Product 00002,Office,S0058,48.76,94.52,9,49
P00003,Product 00003,Electronics,S0083,20.57,34.71,17,75
P00004,Product 00004,Personal Care,S0010,29.62,53.57,15,39
P00005,Product 00005,Industrial,S0103,48.59,65.48,10,84
P00006,Product 00006,Industrial,S0011,72.3,106.66,30,106
P00007,Product 00007,Automotive,S0012,6.81,8.51,28,91
P00008,Product 00008,Automotive,S0043,31.93,71.01,12,34
P00009,Product 00009,Industrial,S0060,17.74,28.24,18,56
P00010,Product 00010,Electronics,S0053,55.13,110.53,22,24
P00011,Product 00011,Home,S0054,11.54,23.12,10,105
P00012,Product 00012,Electronics,S0097,41.48,79.29,19,106
P00013,Product 00013,Industrial,S0082,18.1,26.36,12,80
P00014,Product 00014,Automotive,S0025,18.57,33.88,17,40
P00015,Product 00015,Office,S0097,57.0,88.39,26,76
P00016,Product 00016,Industrial,S0061,275.53,481.24,24,110
P00017,Product 00017,Electronics,S0092,23.65,38.34,16,102
P00018,Product 00018,Home,S0097,104.76,143.77,22,113
P00019,Product 00019,Electronics,S0007,49.99,110.82,28,62
P00020,Product 00020,Automotive,S0015,18.23,35.8,5,81
P00021,Product 00021,Office,S0043,29.6,55.5,24,80
P00022,Product 00022,Office,S0093,62.74,121.27,8,81
P00023,Product 00023,Automotive,S0004,27.35,52.06,17,79
P00024,Product 00024,Industrial,S0086,30.04,55.59,7,14
P00025,Product 00025,Industrial,S0031,58.73,90.3,10,92
P00026,Product 00026,Outdoor,S0053,48.88,93.0,29,91
P00027,Product 00027,Personal Care,S0027,67.56,143.91,25,43
P00028,Product 00028,Outdoor,S0082,98.02,134.62,20,100
P00029,Product 00029,Personal Care,S0041,223.85,432.9,18,72
P00030,Product 00030,Outdoor,S0028,62.09,115.44,27,117
P00031,Product 00031,Personal Care,S0034,33.47,62.58,7,88
P00032,Product 00032,Personal Care,S0107,41.77,56.74,19,13
P00033,Product 00033,Industrial,S0120,24.46,41.67,21,61
P00034,Product 00034,Industrial,S0084,78.75,107.9,25,86
P00035,Product 00035,Automotive,S0005,64.3,97.54,5,30
P00036,Product 00036,Outdoor,S0088,112.86,200.2,9,22
P00037,Product 00037,Industrial,S0106,28.06,35.83,19,102
P00038,Product 00038,Automotive,S0117,10.81,15.31,16,25
P00039,Product 00039,Electronics,S0062,25.95,51.31,11,69
P00040,Product 00040,Home,S0096,113.64,191.97,16,84
P00041,Product 00041,Home,S0016,14.95,21.37,16,23
P00042,Product 00042,Automotive,S0051,63.25,136.67,25,84
P00043,Product 00043,Home,S0053,55.35,112.52,19,24
P00044,Product 00044,Electronics,S0016,235.94,335.81,16,63
P00045,Product 00045,Personal Care,S0085,34.11,48.61,7,109
P00046,Product 00046,Automotive,S0028,66.13,118.08,19,94
P00047,Product 00047,Outdoor,S0011,8.43,17.89,5,33
P00048,Product 00048,Electronics,S0084,30.15,45.51,16,17
P00049,Product 00049,Outdoor,S0061,35.7,55.22,10,13
P00050,Product 00050,Office,S0092,73.45,134.38,11,57
P00051,Product 00051,Industrial,S0060,13.32,26.46,13,79
P00052,Product 00052,Office,S0104,41.2,81.26,7,78
P00053,Product 00053,Electronics,S0001,117.38,180.3,18,108
P00054,Product 00054,Automotive,S0033,56.62,129.67,27,82
P00055,Product 00055,Industrial,S0042,144.87,307.9,21,96
P00056,Product 00056,Outdoor,S0038,26.36,35.32,26,116
P00057,Product 00057,Electronics,S0069,41.24,88.36,5,82
P00058,Product 00058,Outdoor,S0105,29.55,58.94,28,85
P00059,Product 00059,Industrial,S0117,104.19,201.68,17,36
P00060,Product 00060,Electronics,S0081,42.2,90.59,19,87
P00061,Product 00061,Outdoor,S0048,121.52,247.81,22,47
P00062,Product 00062,Office,S0024,37.68,67.51,8,22
P00063,Product 00063,Office,S0105,29.16,65.54,14,90
P00064,Product 00064,Office,S0099,121.89,155.9,26,38
P00065,Product 00065,Outdoor,S0095,10.39,15.14,17,68
P00066,Product 00066,Industrial,S0110,46.85,79.22,15,87
P00067,Product 00067,Industrial,S0072,131.9,186.15,9,54
P00068,Product 00068,Electronics,S0108,9.29,14.24,12,16
P00069,Product 00069,Industrial,S0071,87.25,173.08,14,63
P00070,Product 00070,Electronics,S0042,47.23,75.5,13,26
P00071,Product 00071,Automotive,S0087,61.37,96.21,21,116
P00072,Product 00072,Industrial,S0072,31.18,39.74,7,51
P00073,Product 00073,Electronics,S0049,147.95,288.27,17,35
P00074,Product 00074,Home,S0046,100.96,126.78,17,32
P00075,Product 00075,Home,S0094,69.71,91.85,17,29
P00076,Product 00076,Electronics,S0007,27.68,54.78,27,66
P00077,Product 00077,Industrial,S0015,14.56,18.2,13,29
P00078,Product 00078,Personal Care,S0046,25.68,49.43,28,47
P00079,Product 00079,Outdoor,S0051,23.08,49.35,25,47
P00080,Product 00080,Industrial,S0056,109.98,203.14,17,56
P00081,Product 00081,Personal Care,S0078,111.06,177.52,27,90
P00082,Product 00082,Industrial,S0087,66.09,97.66,12,91
P00083,Product 00083,Home,S0060,45.16,63.26,20,71
P00084,Product 00084,Home,S0050,45.28,87.19,18,56
P00085,Product 00085,Outdoor,S0120,116.29,200.13,29,37
P00086,Product 00086,Office,S0090,11.34,20.89,25,32
P00087,Product 00087,Office,S0038,48.11,100.6,28,114
P00088,Product 00088,Automotive,S0032,36.23,53.85,7,36
P00089,Product 00089,Office,S0095,14.22,29.74,11,43
P00090,Product 00090,Electronics,S0034,38.44,73.21,23,118
P00091,Product 00091,Personal Care,S0067,97.05,162.39,27,43
P00092,Product 00092,Personal Care,S0104,30.41,69.23,30,15
P00093,Product 00093,Outdoor,S0016,35.1,80.53,28,10
P00094,Product 00094,Personal Care,S0056,319.94,384.8,30,38
P00095,Product 00095,Personal Care,S0056,41.89,87.74,15,112
P00096,Product 00096,Outdoor,S0015,52.21,91.5,7,85
P00097,Product 00097,Personal Care,S0054,123.06,271.57,5,80
P00098,Product 00098,Personal Care,S0060,15.05,33.56,14,98
P00099,Product 00099,Outdoor,S0078,84.11,169.3,15,101
P00100,Product 00100,Industrial,S0036,97.11,126.98,6,15
P00101,Product 00101,Outdoor,S0091,100.23,176.27,11,102
P00102,Product 00102,Office,S0036,71.34,152.17,22,21
P00103,Product 00103,Electronics,S0100,28.8,64.66,18,21
P00104,Product 00104,Electronics,S0071,24.08,49.26,22,37
P00105,Product 00105,Outdoor,S0114,58.51,97.79,8,52
P00106,Product 00106,Home,S0039,30.91,53.7,12,50
P00107,Product 00107,Outdoor,S0104,27.03,56.67,8,49
P00108,Product 00108,Electronics,S0055,44.09,95.23,14,17
P00109,Product 00109,Automotive,S0045,158.7,276.3,13,35
P00110,Product 00110,Office,S0053,23.2,44.17,9,54
P00111,Product 00111,Home,S0085,19.68,44.78,22,100
P00112,Product 00112,Automotive,S0101,73.28,92.83,16,37
P00113,Product 00113,Automotive,S0054,73.27,125.05,13,34
P00114,Product 00114,Office,S0028,6.75,8.64,9,81
P00115,Product 00115,Office,S0054,56.52,76.91,19,18
P00116,Product 00116,Outdoor,S0029,66.03,123.23,25,74
P00117,Product 00117,Home,S0023,52.73,95.78,25,58
P00118,Product 00118,Outdoor,S0076,39.9,81.2,20,97
P00119,Product 00119,Home,S0042,62.12,80.24,28,34
P00120,Product 00120,Electronics,S0063,27.59,39.45,21,106
P00121,Product 00121,Home,S0057,70.43,161.73,23,17
P00122,Product 00122,Electronics,S0001,28.47,44.15,8,113
P00123,Product 00123,Automotive,S0036,84.9,176.21,19,37
P00124,Product 00124,Electronics,S0068,24.59,40.38,6,93
P00125,Product 00125,Home,S0044,14.11,24.13,21,51
P00126,Product 00126,Personal Care,S0114,122.98,226.45,29,64
P00127,Product 00127,Office,S0081,25.51,46.9,26,100
P00128,Product 00128,Home,S0047,43.59,97.25,9,104
P00129,Product 00129,Home,S0120,80.36,121.2,19,27
P00130,Product 00130,Automotive,S0011,35.35,69.42,14,39
P00131,Product 00131,Electronics,S0050,30.02,57.91,22,51
P00132,Product 00132,Electronics,S0061,74.65,92.29,13,27
P00133,Product 00133,Electronics,S0086,5.23,11.99,27,84
P00134,Product 00134,Industrial,S0043,8.23,18.09,27,78
P00135,Product 00135,Office,S0114,35.69,51.25,8,104
P00136,Product 00136,Automotive,S0078,28.85,58.55,24,35
P00137,Product 00137,Home,S0074,40.72,70.35,30,86
P00138,Product 00138,Personal Care,S0102,9.08,14.28,10,93
P00139,Product 00139,Home,S0053,77.52,132.16,6,33
P00140,Product 00140,Industrial,S0028,36.09,63.14,21,36
P00141,Product 00141,Outdoor,S0073,52.94,103.07,26,96
P00142,Product 00142,Industrial,S0045,37.28,55.5,20,115
P00143,Product 00143,Industrial,S0018,43.12,54.55,25,28
P00144,Product 00144,Personal Care,S0093,11.44,20.69,30,85
P00145,Product 00145,Personal Care,S0057,33.95,49.69,12,110
P00146,Product 00146,Home,S0109,10.49,20.4,29,95
P00147,Product 00147,Outdoor,S0110,72.55,132.28,7,89
P00148,Product 00148,Office,S0088,63.26,120.67,8,48
P00149,Product 00149,Industrial,S0080,66.05,112.71,28,54
P00150,Product 00150,Industrial,S0050,12.89,23.87,9,48
P00151,Product 00151,Automotive,S0067,61.25,106.95,20,44
P00152,Product 00152,Automotive,S0099,58.87,108.74,29,14
P00153,Product 00153,Home,S0059,41.46,58.53,8,90
P00154,Product 00154,Industrial,S0001,243.51,501.28,22,33
P00155,Product 00155,Industrial,S0091,28.22,62.9,22,71
P00156,Product 00156,Industrial,S0069,19.96,45.72,28,111
P00157,Product 00157,Automotive,S0040,128.6,211.69,22,67
P00158,Product 00158,Electronics,S0012,55.28,67.56,27,34
P00159,Product 00159,Automotive,S0005,51.6,116.56,24,60
P00160,Product 00160,Industrial,S0095,67.79,140.65,15,75
P00161,Product 00161,Electronics,S0069,65.93,99.48,27,94
P00162,Product 00162,Electronics,S0103,36.5,76.71,25,105
P00163,Product 00163,Office,S0103,53.16,76.3,25,50
P00164,Product 00164,Automotive,S0090,32.06,57.12,27,79
P00165,Product 00165,Electronics,S0088,47.58,96.57,27,113
P00166,Product 00166,Automotive,S0006,13.2,16.78,9,10
P00167,Product 00167,Outdoor,S0079,182.56,301.94,11,81
P00168,Product 00168,Automotive,S0028,184.01,410.72,18,72
P00169,Product 00169,Home,S0004,32.49,66.91,17,76
P00170,Product 00170,Industrial,S0043,12.53,25.85,21,111
P00171,Product 00171,Electronics,S0061,46.41,88.75,27,80
P00172,Product 00172,Home,S0059,48.62,80.51,15,36
P00173,Product 00173,Industrial,S0091,11.22,24.85,15,35
P00174,Product 00174,Personal Care,S0079,33.21,63.8,9,50
P00175,Product 00175,Office,S0004,54.91,89.36,19,94
P00176,Product 00176,Electronics,S0110,44.9,91.39,14,64
P00177,Product 00177,Automotive,S0030,80.06,105.28,28,41
P00178,Product 00178,Outdoor,S0077,14.42,20.57,17,55
P00179,Product 00179,Outdoor,S0118,66.67,100.6,12,44
P00180,Product 00180,Office,S0048,165.82,299.01,10,15
P00181,Product 00181,Home,S0110,24.54,53.19,15,95
P00182,Product 00182,Industrial,S0004,58.31,92.04,25,87
P00183,Product 00183,Office,S0043,24.0,33.57,10,47
P00184,Product 00184,Home,S0059,73.77,104.92,5,99
P00185,Product 00185,Home,S0042,212.16,302.77,25,111
P00186,Product 00186,Personal Care,S0050,25.5,44.05,11,27
P00187,Product 00187,Electronics,S0117,189.95,345.34,15,100
P00188,Product 00188,Outdoor,S0071,89.23,169.42,6,104
P00189,Product 00189,Personal Care,S0048,45.56,62.49,12,73
P00190,Product 00190,Industrial,S0099,42.1,92.94,25,22
P00191,Product 00191,Automotive,S0110,35.34,46.44,25,40
P00192,Product 00192,Outdoor,S0047,20.64,36.2,13,117
P00193,Product 00193,Electronics,S0031,81.99,138.62,14,29
P00194,Product 00194,Office,S0063,58.76,103.89,29,56
P00195,Product 00195,Home,S0065,37.11,66.2,29,104
P00196,Product 00196,Office,S0028,63.59,128.41,8,90
P00197,Product 00197,Office,S0108,16.97,23.95,13,10
P00198,Product 00198,Outdoor,S0021,27.34,55.75,11,25
P00199,Product 00199,Industrial,S0070,57.82,119.24,13,32
P00200,Product 00200,Electronics,S0112,23.41,39.12,25,43
P00201,Product 00201,Home,S0008,34.15,68.48,17,93
P00202,Product 00202,Personal Care,S0048,39.77,76.14,21,29
P00203,Product 00203,Home,S0032,10.33,23.3,17,10
P00204,Product 00204,Home,S0017,26.51,49.8,11,59
P00205,Product 00205,Office,S0019,13.14,20.89,20,106
P00206,Product 00206,Outdoor,S0096,138.08,303.44,22,96
P00207,Product 00207,Outdoor,S0101,22.17,37.81,5,37
P00208,Product 00208,Electronics,S0076,82.99,186.42,28,60
P00209,Product 00209,Automotive,S0040,67.94,93.76,9,106
P00210,Product 00210,Home,S0001,41.05,58.96,23,52
P00211,Product 00211,Automotive,S0090,27.89,49.98,8,111
P00212,Product 00212,Home,S0036,120.88,219.25,9,11
P00213,Product 00213,Personal Care,S0107,30.87,64.82,17,98
P00214,Product 00214,Electronics,S0087,21.29,27.95,7,71
P00215,Product 00215,Office,S0068,17.38,37.64,18,101
P00216,Product 00216,Automotive,S0057,19.1,34.54,15,87
P00217,Product 00217,Automotive,S0103,165.59,332.39,10,26
P00218,Product 00218,Electronics,S0056,43.16,88.5,5,112
P00219,Product 00219,Industrial,S0006,106.25,134.21,13,74
P00220,Product 00220,Home,S0004,34.43,45.71,9,112
P00221,Product 00221,Home,S0074,58.09,74.28,5,94
P00222,Product 00222,Outdoor,S0120,103.21,141.34,7,51
P00223,Product 00223,Outdoor,S0008,11.59,23.63,7,32
P00224,Product 00224,Personal Care,S0081,9.99,13.55,14,74
P00225,Product 00225,Office,S0023,29.87,58.47,21,34
P00226,Product 00226,Home,S0073,38.28,84.02,29,100
P00227,Product 00227,Personal Care,S0012,9.25,17.62,15,64
P00228,Product 00228,Personal Care,S0042,7.97,13.89,26,105
P00229,Product 00229,Automotive,S0109,28.68,55.25,13,115
P00230,Product 00230,Office,S0077,12.08,26.31,29,72
P00231,Product 00231,Electronics,S0055,107.14,241.04,17,31
P00232,Product 00232,Automotive,S0028,31.82,40.71,28,117
P00233,Product 00233,Automotive,S0108,37.27,64.5,27,66
P00234,Product 00234,Industrial,S0081,26.6,40.89,9,106
P00235,Product 00235,Automotive,S0053,55.36,71.05,13,39
P00236,Product 00236,Office,S0017,35.47,47.76,11,57
P00237,Product 00237,Electronics,S0057,250.28,349.44,6,13
P00238,Product 00238,Outdoor,S0016,46.82,64.13,14,78
P00239,Product 00239,Office,S0091,68.54,132.35,26,12
P00240,Product 00240,Home,S0024,21.45,44.25,9,78
P00241,Product 00241,Outdoor,S0072,62.89,131.42,19,96
P00242,Product 00242,Automotive,S0110,62.04,113.22,25,89
P00243,Product 00243,Home,S0076,27.06,44.76,12,99
P00244,Product 00244,Electronics,S0107,25.35,49.69,27,30
P00245,Product 00245,Office,S0029,54.09,114.99,28,60
P00246,Product 00246,Office,S0099,11.11,19.54,14,106
P00247,Product 00247,Personal Care,S0095,14.1,29.87,17,94
P00248,Product 00248,Office,S0107,30.5,66.92,17,14
P00249,Product 00249,Office,S0003,21.62,29.53,6,65
P00250,Product 00250,Automotive,S0086,4.13,6.46,17,113
P00251,Product 00251,Outdoor,S0103,55.17,70.68,18,75
P00252,Product 00252,Home,S0040,34.53,72.81,25,11
P00253,Product 00253,Electronics,S0013,192.14,233.55,7,46
P00254,Product 00254,Electronics,S0011,37.64,49.15,12,18
P00255,Product 00255,Automotive,S0110,102.43,234.8,20,81
P00256,Product 00256,Electronics,S0037,113.35,158.27,29,53
P00257,Product 00257,Office,S0107,80.52,150.67,11,55
P00258,Product 00258,Office,S0067,66.41,122.49,23,35
P00259,Product 00259,Personal Care,S0007,53.01,112.41,10,74
P00260,Product 00260,Electronics,S0087,44.7,77.67,12,69
P00261,Product 00261,Industrial,S0107,21.6,38.95,29,66
P00262,Product 00262,Electronics,S0091,38.72,75.34,7,20
P00263,Product 00263,Office,S0079,118.14,257.2,25,67
P00264,Product 00264,Industrial,S0046,51.97,81.33,29,15
P00265,Product 00265,Industrial,S0094,38.04,61.27,26,26
P00266,Product 00266,Office,S0107,151.21,342.0,16,74
P00267,Product 00267,Outdoor,S0048,53.81,76.68,11,78
P00268,Product 00268,Electronics,S0056,75.54,95.29,8,36
P00269,Product 00269,Office,S0017,48.95,107.14,26,71
P00270,Product 00270,Industrial,S0040,67.71,124.18,18,117
P00271,Product 00271,Electronics,S0055,119.93,222.14,8,31
P00272,Product 00272,Automotive,S0110,138.62,312.67,24,47
P00273,Product 00273,Home,S0097,72.88,153.31,5,72
P00274,Product 00274,Industrial,S0087,59.95,130.99,11,104
P00275,Product 00275,Outdoor,S0105,71.27,103.07,15,94
P00276,Product 00276,Electronics,S0072,54.05,105.91,5,55
P00277,Product 00277,Electronics,S0065,68.15,116.09,6,23
P00278,Product 00278,Automotive,S0075,144.48,211.43,11,89
P00279,Product 00279,Electronics,S0091,95.88,161.29,6,111
P00280,Product 00280,Office,S0081,6.7,12.38,24,112
P00281,Product 00281,Industrial,S0066,42.71,58.38,25,30
P00282,Product 00282,Industrial,S0021,36.38,56.05,9,39
P00283,Product 00283,Office,S0108,78.0,140.8,8,37
P00284,Product 00284,Automotive,S0047,36.15,79.52,24,62
P00285,Product 00285,Home,S0115,27.62,47.94,28,44
P00286,Product 00286,Automotive,S0115,45.61,89.06,10,51
P00287,Product 00287,Outdoor,S0022,45.27,68.33,9,76
P00288,Product 00288,Automotive,S0044,27.46,60.12,9,75
P00289,Product 00289,Personal Care,S0076,13.49,22.76,10,74
P00290,Product 00290,Office,S0040,70.05,136.14,28,109
P00291,Product 00291,Office,S0107,31.7,56.02,27,115
P00292,Product 00292,Home,S0066,65.52,102.84,19,88
P00293,Product 00293,Office,S0057,32.34,48.31,10,69
P00294,Product 00294,Electronics,S0004,32.09,38.54,22,92
P00295,Product 00295,Industrial,S0072,69.42,143.48,16,84
P00296,Product 00296,Electronics,S0081,238.38,334.07,10,76
P00297,Product 00297,Electronics,S0083,56.54,118.64,11,40
P00298,Product 00298,Personal Care,S0097,31.05,64.27,10,101
P00299,Product 00299,Automotive,S0041,28.04,40.33,10,38
P00300,Product 00300,Outdoor,S0021,29.71,56.73,28,59
P00301,Product 00301,Outdoor,S0013,85.08,132.54,17,55
P00302,Product 00302,Outdoor,S0042,60.76,103.98,6,22
P00303,Product 00303,Home,S0103,47.2,77.73,12,76
P00304,Product 00304,Automotive,S0004,13.92,27.14,24,12
P00305,Product 00305,Personal Care,S0035,106.51,181.05,26,42
P00306,Product 00306,Outdoor,S0087,224.58,333.72,25,116
P00307,Product 00307,Personal Care,S0104,44.5,63.62,6,82
P00308,Product 00308,Personal Care,S0084,21.35,39.7,18,65
P00309,Product 00309,Automotive,S0111,76.57,99.11,25,87
P00310,Product 00310,Electronics,S0080,144.23,292.4,6,39
P00311,Product 00311,Electronics,S0101,81.7,117.99,21,56
P00312,Product 00312,Home,S0081,30.7,56.04,15,24
P00313,Product 00313,Outdoor,S0017,76.29,124.51,12,119
P00314,Product 00314,Personal Care,S0034,27.32,38.32,13,70
P00315,Product 00315,Office,S0115,17.41,25.86,14,51
P00316,Product 00316,Office,S0078,38.58,47.58,10,46
P00317,Product 00317,Automotive,S0035,16.7,34.64,14,26
P00318,Product 00318,Industrial,S0115,28.29,53.69,18,98
P00319,Product 00319,Personal Care,S0012,10.52,19.83,13,77
P00320,Product 00320,Personal Care,S0025,13.82,23.54,15,115
P00321,Product 00321,Industrial,S0073,13.49,21.28,7,31
P00322,Product 00322,Automotive,S0084,47.84,103.99,30,94
P00323,Product 00323,Industrial,S0041,86.9,160.78,29,111
P00324,Product 00324,Outdoor,S0106,92.88,210.08,24,54
P00325,Product 00325,Electronics,S0027,131.38,249.43,26,103
P00326,Product 00326,Automotive,S0046,11.0,23.37,19,110
P00327,Product 00327,Electronics,S0052,162.19,357.84,28,101
P00328,Product 00328,Electronics,S0023,65.39,121.36,23,64
P00329,Product 00329,Outdoor,S0086,135.04,163.74,28,55
P00330,Product 00330,Home,S0057,122.84,249.72,29,72
P00331,Product 00331,Automotive,S0078,77.78,101.32,8,19
P00332,Product 00332,Personal Care,S0098,34.62,52.92,8,17
P00333,Product 00333,Personal Care,S0110,10.53,17.49,15,78
P00334,Product 00334,Personal Care,S0066,118.28,145.59,6,96
P00335,Product 00335,Electronics,S0107,11.02,23.77,28,50
P00336,Product 00336,Electronics,S0041,47.34,100.46,24,68
P00337,Product 00337,Personal Care,S0064,29.28,52.16,29,50
P00338,Product 00338,Personal Care,S0030,164.89,294.3,21,25
P00339,Product 00339,Electronics,S0039,30.24,50.34,20,87
P00340,Product 00340,Home,S0101,36.47,61.4,30,36
P00341,Product 00341,Outdoor,S0020,51.7,97.59,23,111
P00342,Product 00342,Automotive,S0022,50.49,88.31,28,53
P00343,Product 00343,Personal Care,S0107,54.24,72.43,19,48
P00344,Product 00344,Electronics,S0008,49.14,93.91,17,43
P00345,Product 00345,Office,S0033,97.13,138.0,6,81
P00346,Product 00346,Electronics,S0108,31.08,48.91,30,64
P00347,Product 00347,Industrial,S0117,41.39,78.28,9,36
P00348,Product 00348,Automotive,S0046,47.73,99.37,25,73
P00349,Product 00349,Office,S0103,51.66,92.51,12,31
P00350,Product 00350,Industrial,S0116,18.75,33.59,8,99
P00351,Product 00351,Industrial,S0010,40.21,65.44,29,65
P00352,Product 00352,Office,S0107,48.4,93.49,26,55
P00353,Product 00353,Electronics,S0085,10.08,15.61,14,51
P00354,Product 00354,Home,S0015,53.31,73.44,6,75
P00355,Product 00355,Outdoor,S0082,90.61,199.25,18,44
P00356,Product 00356,Automotive,S0110,54.79,72.24,7,85
P00357,Product 00357,Industrial,S0096,191.52,428.46,19,28
P00358,Product 00358,Automotive,S0095,13.55,18.48,8,115
P00359,Product 00359,Automotive,S0062,51.3,69.08,10,57
P00360,Product 00360,Office,S0036,26.32,34.67,21,34
P00361,Product 00361,Electronics,S0044,13.94,28.96,18,15
P00362,Product 00362,Office,S0026,105.37,211.86,22,15
P00363,Product 00363,Home,S0033,68.13,88.79,15,102
P00364,Product 00364,Personal Care,S0049,40.94,55.17,24,27
P00365,Product 00365,Industrial,S0006,49.55,95.07,16,101
P00366,Product 00366,Office,S0065,46.53,95.95,15,83
P00367,Product 00367,Home,S0025,59.59,132.91,11,66
P00368,Product 00368,Electronics,S0008,30.99,40.24,12,63
P00369,Product 00369,Industrial,S0104,147.69,284.06,11,54
P00370,Product 00370,Industrial,S0090,33.67,73.94,29,97
P00371,Product 00371,Home,S0119,260.23,323.03,30,44
P00372,Product 00372,Industrial,S0001,54.18,105.81,12,101
P00373,Product 00373,Office,S0028,34.45,44.41,30,66
P00374,Product 00374,Electronics,S0080,14.86,18.49,24,109
P00375,Product 00375,Office,S0089,68.93,130.04,14,26
P00376,Product 00376,Personal Care,S0063,14.15,29.44,8,89
P00377,Product 00377,Personal Care,S0087,19.89,38.94,21,34
P00378,Product 00378,Outdoor,S0109,6.23,11.62,30,116
P00379,Product 00379,Outdoor,S0048,111.15,247.69,18,45
P00380,Product 00380,Office,S0063,11.52,23.99,12,101
P00381,Product 00381,Office,S0050,268.1,573.79,14,100
P00382,Product 00382,Outdoor,S0098,17.78,21.44,28,49
P00383,Product 00383,Automotive,S0040,64.97,105.95,21,67
P00384,Product 00384,Industrial,S0092,49.96,81.7,17,110
P00385,Product 00385,Automotive,S0060,18.79,28.18,13,72
P00386,Product 00386,Automotive,S0079,213.45,425.46,14,93
P00387,Product 00387,Personal Care,S0086,7.62,16.96,19,87
P00388,Product 00388,Electronics,S0071,82.02,132.13,13,106
P00389,Product 00389,Outdoor,S0032,26.21,50.45,22,61
P00390,Product 00390,Automotive,S0066,12.62,26.77,10,76
P00391,Product 00391,Office,S0105,37.76,64.53,25,90
P00392,Product 00392,Outdoor,S0049,29.26,42.75,14,93
P00393,Product 00393,Outdoor,S0073,61.01,92.86,21,90
P00394,Product 00394,Outdoor,S0052,182.07,218.69,10,42
P00395,Product 00395,Automotive,S0075,23.99,29.57,28,100
P00396,Product 00396,Home,S0012,39.33,78.28,16,64
P00397,Product 00397,Outdoor,S0041,59.29,122.09,9,97
P00398,Product 00398,Automotive,S0039,85.54,176.56,17,61
P00399,Product 00399,Industrial,S0101,35.17,67.62,20,58
P00400,Product 00400,Personal Care,S0023,35.58,74.51,16,26
P00401,Product 00401,Industrial,S0004,125.94,283.48,24,52
P00402,Product 00402,Electronics,S0088,55.65,114.02,5,70
P00403,Product 00403,Electronics,S0067,29.93,65.57,15,59
P00404,Product 00404,Electronics,S0080,27.79,37.01,29,89
P00405,Product 00405,Personal Care,S0120,15.26,27.07,16,85
P00406,Product 00406,Office,S0047,55.92,120.76,30,50
P00407,Product 00407,Personal Care,S0098,25.52,31.46,19,37
P00408,Product 00408,Electronics,S0006,71.28,163.19,10,53
P00409,Product 00409,Outdoor,S0108,42.37,76.09,23,89
P00410,Product 00410,Outdoor,S0019,19.51,36.22,7,42
P00411,Product 00411,Electronics,S0091,34.44,78.92,12,81
P00412,Product 00412,Personal Care,S0120,70.43,137.96,25,62
P00413,Product 00413,Electronics,S0047,54.53,90.81,22,76
P00414,Product 00414,Industrial,S0071,206.74,329.89,25,111
P00415,Product 00415,Home,S0078,221.24,483.94,9,80
P00416,Product 00416,Home,S0059,24.87,33.31,11,112
P00417,Product 00417,Home,S0032,76.77,107.3,21,21
P00418,Product 00418,Automotive,S0075,226.51,345.6,29,27
P00419,Product 00419,Home,S0007,57.54,90.69,18,47
P00420,Product 00420,Personal Care,S0029,99.36,158.72,25,69
P00421,Product 00421,Automotive,S0057,16.64,24.88,20,87
P00422,Product 00422,Electronics,S0061,57.47,124.67,7,68
P00423,Product 00423,Personal Care,S0114,185.43,339.12,13,113
P00424,Product 00424,Home,S0058,32.91,43.49,25,92
P00425,Product 00425,Outdoor,S0085,175.0,309.99,20,10
P00426,Product 00426,Home,S0041,32.52,59.61,16,97
P00427,Product 00427,Automotive,S0064,14.85,18.46,16,111
P00428,Product 00428,Personal Care,S0034,17.04,35.18,8,42
P00429,Product 00429,Industrial,S0040,106.48,219.05,19,81
P00430,Product 00430,Automotive,S0105,16.89,34.24,28,17
P00431,Product 00431,Home,S0113,12.34,15.25,11,66
P00432,Product 00432,Industrial,S0108,74.32,108.15,29,66
P00433,Product 00433,Industrial,S0106,89.79,152.52,30,86
P00434,Product 00434,Electronics,S0109,53.61,98.91,9,80
P00435,Product 00435,Outdoor,S0070,36.02,45.33,15,104
P00436,Product 00436,Office,S0052,59.61,107.42,19,18
P00437,Product 00437,Outdoor,S0006,133.27,232.87,12,30
P00438,Product 00438,Home,S0008,17.02,30.12,10,36
P00439,Product 00439,Personal Care,S0101,164.66,213.78,30,103
P00440,Product 00440,Industrial,S0111,62.57,130.46,6,17
P00441,Product 00441,Office,S0114,28.17,53.75,28,54
P00442,Product 00442,Industrial,S0094,52.48,97.07,6,54
P00443,Product 00443,Office,S0009,32.44,62.59,14,110
P00444,Product 00444,Automotive,S0099,42.67,52.51,27,15
P00445,Product 00445,Automotive,S0025,17.78,37.32,21,51
P00446,Product 00446,Automotive,S0009,22.22,27.57,24,23
P00447,Product 00447,Electronics,S0079,108.29,228.95,18,101
P00448,Product 00448,Electronics,S0062,61.13,133.9,16,81
P00449,Product 00449,Industrial,S0065,90.38,164.38,9,58
P00450,Product 00450,Industrial,S0079,105.4,145.5,9,37
P00451,Product 00451,Home,S0114,86.52,135.06,21,17
P00452,Product 00452,Personal Care,S0111,7.82,14.38,8,59
P00453,Product 00453,Office,S0020,27.09,35.58,12,86
P00454,Product 00454,Automotive,S0037,36.46,82.57,30,113
P00455,Product 00455,Office,S0045,85.42,160.88,18,93
P00456,Product 00456,Electronics,S0092,33.48,66.46,9,39
P00457,Product 00457,Personal Care,S0065,31.33,71.73,29,39
P00458,Product 00458,Office,S0013,14.07,28.34,16,17
P00459,Product 00459,Outdoor,S0061,321.5,708.45,21,37
P00460,Product 00460,Automotive,S0044,24.98,54.68,17,58
P00461,Product 00461,Home,S0026,24.08,51.4,30,29
P00462,Product 00462,Home,S0040,34.65,64.14,28,16
P00463,Product 00463,Electronics,S0087,32.71,61.26,8,110
P00464,Product 00464,Home,S0113,81.12,116.26,25,67
P00465,Product 00465,Home,S0002,31.02,53.39,10,49
P00466,Product 00466,Industrial,S0063,19.8,29.96,11,56
P00467,Product 00467,Automotive,S0087,53.08,87.95,11,117
P00468,Product 00468,Outdoor,S0022,20.23,30.83,8,118
P00469,Product 00469,Office,S0056,81.9,128.26,11,34
P00470,Product 00470,Office,S0026,63.06,131.76,29,83
P00471,Product 00471,Industrial,S0081,10.64,15.45,17,91
P00472,Product 00472,Automotive,S0030,32.8,58.11,14,47
P00473,Product 00473,Electronics,S0064,33.73,65.37,16,21
P00474,Product 00474,Outdoor,S0085,10.84,22.1,20,104
P00475,Product 00475,Office,S0071,73.5,131.78,8,107
P00476,Product 00476,Personal Care,S0095,53.1,110.45,16,90
P00477,Product 00477,Personal Care,S0095,74.16,130.59,20,63
P00478,Product 00478,Electronics,S0049,17.12,32.2,14,88
P00479,Product 00479,Outdoor,S0084,36.97,55.69,21,67
P00480,Product 00480,Personal Care,S0116,26.28,53.65,7,21
P00481,Product 00481,Personal Care,S0023,26.27,48.67,27,100
P00482,Product 00482,Electronics,S0117,37.08,72.56,14,25
P00483,Product 00483,Home,S0013,34.8,53.23,26,116
P00484,Product 00484,Industrial,S0082,36.8,71.27,17,78
P00485,Product 00485,Electronics,S0025,59.36,95.39,11,68
P00486,Product 00486,Home,S0029,24.21,37.5,26,45
P00487,Product 00487,Electronics,S0020,52.95,71.45,8,57
P00488,Product 00488,Industrial,S0053,77.01,124.25,7,25
P00489,Product 00489,Personal Care,S0034,55.34,113.5,22,11
P00490,Product 00490,Electronics,S0056,55.28,84.77,22,15
P00491,Product 00491,Personal Care,S0092,85.72,161.64,20,68
P00492,Product 00492,Electronics,S0051,65.01,104.85,10,71
P00493,Product 00493,Electronics,S0076,36.03,79.99,26,99
P00494,Product 00494,Electronics,S0055,60.99,95.02,26,108
P00495,Product 00495,Industrial,S0103,112.55,258.23,6,41
P00496,Product 00496,Outdoor,S0083,63.07,105.25,11,26
P00497,Product 00497,Home,S0082,101.96,227.99,30,53
P00498,Product 00498,Home,S0047,38.34,85.48,29,63
P00499,Product 00499,Industrial,S0087,236.68,288.66,7,50
P00500,Product 00500,Personal Care,S0078,54.63,81.49,12,40
P00501,Product 00501,Personal Care,S0013,130.58,254.55,24,20
P00502,Product 00502,Electronics,S0073,46.89,64.12,21,37
P00503,Product 00503,Automotive,S0119,60.57,114.81,26,93
P00504,Product 00504,Industrial,S0090,20.02,42.62,23,93
P00505,Product 00505,Home,S0018,103.68,218.35,6,67
P00506,Product 00506,Electronics,S0062,95.94,217.09,10,27
P00507,Product 00507,Personal Care,S0021,82.37,139.49,25,82
P00508,Product 00508,Electronics,S0041,38.84,81.46,17,100
P00509,Product 00509,Home,S0033,73.57,162.87,6,10
P00510,Product 00510,Industrial,S0095,54.92,92.75,12,100
P00511,Product 00511,Home,S0118,51.06,80.55,7,74
P00512,Product 00512,Industrial,S0112,69.54,135.04,9,65
P00513,Product 00513,Outdoor,S0073,92.36,150.53,7,80
P00514,Product 00514,Personal Care,S0037,103.58,217.41,9,48
P00515,Product 00515,Electronics,S0026,24.32,37.03,5,27
P00516,Product 00516,Automotive,S0087,97.22,124.16,15,110
P00517,Product 00517,Electronics,S0024,14.21,19.33,15,22
P00518,Product 00518,Office,S0080,38.51,84.9,23,25
P00519,Product 00519,Automotive,S0026,18.71,31.54,20,27
P00520,Product 00520,Automotive,S0007,71.76,130.67,18,45
P00521,Product 00521,Office,S0017,39.48,88.03,11,96
P00522,Product 00522,Home,S0120,95.12,150.05,11,105
P00523,Product 00523,Personal Care,S0007,19.9,26.16,16,36
P00524,Product 00524,Outdoor,S0019,87.33,190.53,28,11
P00525,Product 00525,Outdoor,S0063,13.1,18.12,19,64
P00526,Product 00526,Industrial,S0003,75.58,146.94,21,26
P00527,Product 00527,Electronics,S0033,37.78,55.54,13,108
P00528,Product 00528,Automotive,S0024,65.99,137.45,16,58
P00529,Product 00529,Outdoor,S0058,44.4,88.99,14,81
P00530,Product 00530,Industrial,S0079,119.25,171.04,8,112
P00531,Product 00531,Office,S0041,34.54,69.34,25,67
P00532,Product 00532,Outdoor,S0106,102.55,233.34,5,35
P00533,Product 00533,Automotive,S0033,39.03,73.85,23,66
P00534,Product 00534,Automotive,S0004,119.88,200.58,24,38
P00535,Product 00535,Personal Care,S0088,25.95,51.01,14,23
P00536,Product 00536,Personal Care,S0103,30.82,66.74,10,71
P00537,Product 00537,Office,S0080,65.7,146.45,9,100
P00538,Product 00538,Office,S0067,19.42,33.49,23,24
P00539,Product 00539,Industrial,S0021,154.71,348.63,7,102
P00540,Product 00540,Outdoor,S0097,47.06,105.53,21,13
P00541,Product 00541,Personal Care,S0080,100.92,224.87,16,36
P00542,Product 00542,Outdoor,S0040,34.94,62.91,25,34
P00543,Product 00543,Electronics,S0046,77.53,104.59,26,50
P00544,Product 00544,Electronics,S0052,43.74,94.65,29,63
P00545,Product 00545,Automotive,S0090,25.56,53.96,9,27
P00546,Product 00546,Office,S0018,133.95,215.11,19,87
P00547,Product 00547,Electronics,S0062,84.36,152.67,10,27
P00548,Product 00548,Electronics,S0034,89.58,136.2,9,83
P00549,Product 00549,Office,S0040,59.85,99.74,28,51
P00550,Product 00550,Industrial,S0101,37.7,53.14,8,108
P00551,Product 00551,Office,S0109,53.11,120.15,24,46
P00552,Product 00552,Outdoor,S0017,6.15,8.65,11,77
P00553,Product 00553,Office,S0068,17.88,37.28,18,37
P00554,Product 00554,Electronics,S0029,164.7,373.35,9,98
P00555,Product 00555,Industrial,S0054,22.55,42.79,12,45
P00556,Product 00556,Industrial,S0087,58.68,118.77,25,57
P00557,Product 00557,Home,S0099,80.9,111.0,17,20
P00558,Product 00558,Office,S0107,68.4,104.11,12,69
P00559,Product 00559,Automotive,S0039,21.04,43.42,30,103
P00560,Product 00560,Outdoor,S0104,45.8,56.25,25,23
P00561,Product 00561,Outdoor,S0046,42.52,85.53,5,62
P00562,Product 00562,Automotive,S0068,44.23,80.35,7,112
P00563,Product 00563,Outdoor,S0023,7.18,15.13,15,87
P00564,Product 00564,Home,S0108,28.86,64.45,20,18
P00565,Product 00565,Automotive,S0095,44.42,64.86,22,94
P00566,Product 00566,Automotive,S0057,48.4,103.57,26,86
P00567,Product 00567,Automotive,S0099,15.64,21.01,21,99
P00568,Product 00568,Automotive,S0051,19.58,30.55,21,91
P00569,Product 00569,Automotive,S0101,48.59,89.03,28,94
P00570,Product 00570,Home,S0003,96.41,175.21,27,19
P00571,Product 00571,Automotive,S0103,46.14,60.29,23,61
P00572,Product 00572,Office,S0023,70.54,112.49,8,14
P00573,Product 00573,Automotive,S0094,59.28,74.93,8,11
P00574,Product 00574,Office,S0035,26.47,40.25,11,44
P00575,Product 00575,Electronics,S0113,91.77,163.53,28,82
P00576,Product 00576,Automotive,S0072,138.19,188.71,20,61
P00577,Product 00577,Industrial,S0105,66.09,97.23,9,80
P00578,Product 00578,Automotive,S0081,11.9,17.89,17,44
P00579,Product 00579,Outdoor,S0009,87.81,152.89,6,75
P00580,Product 00580,Industrial,S0104,21.31,25.67,30,67
P00581,Product 00581,Home,S0109,38.17,50.92,28,42
P00582,Product 00582,Industrial,S0109,103.21,197.98,11,79
P00583,Product 00583,Industrial,S0071,57.64,88.37,12,33
P00584,Product 00584,Industrial,S0004,291.81,439.63,5,57
P00585,Product 00585,Industrial,S0088,27.76,38.74,10,40
P00586,Product 00586,Electronics,S0021,62.75,118.38,26,99
P00587,Product 00587,Office,S0115,36.2,58.81,11,113
P00588,Product 00588,Personal Care,S0041,19.92,36.69,30,109
P00589,Product 00589,Office,S0031,17.89,38.66,25,42
P00590,Product 00590,Outdoor,S0071,27.33,42.42,23,107
P00591,Product 00591,Personal Care,S0080,108.42,219.42,29,14
P00592,Product 00592,Personal Care,S0019,28.57,45.06,30,101
P00593,Product 00593,Electronics,S0048,51.04,86.27,8,76
P00594,Product 00594,Office,S0119,33.7,41.6,24,22
P00595,Product 00595,Home,S0039,65.16,142.48,21,92
P00596,Product 00596,Outdoor,S0005,40.45,66.54,13,42
P00597,Product 00597,Electronics,S0103,38.39,53.27,20,67
P00598,Product 00598,Industrial,S0036,32.85,47.96,9,53
P00599,Product 00599,Automotive,S0077,2.99,6.69,17,71
P00600,Product 00600,Personal Care,S0061,92.51,183.01,13,19
P00601,Product 00601,Office,S0043,32.17,64.85,26,49
P00602,Product 00602,Personal Care,S0003,86.44,137.03,8,50
P00603,Product 00603,Personal Care,S0007,32.22,73.45,28,36
P00604,Product 00604,Industrial,S0088,10.62,24.12,23,75
P00605,Product 00605,Outdoor,S0019,31.37,67.4,22,12
P00606,Product 00606,Industrial,S0058,36.36,45.21,12,94
P00607,Product 00607,Industrial,S0065,21.3,37.6,19,83
P00608,Product 00608,Automotive,S0119,94.77,135.66,27,29
P00609,Product 00609,Home,S0053,9.96,22.23,15,102
P00610,Product 00610,Personal Care,S0026,9.6,12.48,7,88
P00611,Product 00611,Automotive,S0048,105.18,133.92,14,116
P00612,Product 00612,Personal Care,S0074,40.57,91.6,11,109
P00613,Product 00613,Electronics,S0011,37.9,62.38,15,15
P00614,Product 00614,Home,S0092,93.71,139.53,20,31
P00615,Product 00615,Automotive,S0003,209.9,263.89,11,21
P00616,Product 00616,Industrial,S0046,43.6,75.59,15,105
P00617,Product 00617,Electronics,S0088,103.06,127.8,21,100
P00618,Product 00618,Electronics,S0067,97.46,192.14,13,92
P00619,Product 00619,Home,S0014,59.55,136.7,9,72
P00620,Product 00620,Electronics,S0059,89.05,141.1,8,53
P00621,Product 00621,Personal Care,S0043,10.43,15.76,6,93
P00622,Product 00622,Electronics,S0033,10.09,22.36,24,36
P00623,Product 00623,Personal Care,S0038,29.5,42.07,14,34
P00624,Product 00624,Industrial,S0005,224.48,357.53,21,18
P00625,Product 00625,Home,S0078,194.53,313.57,16,40
P00626,Product 00626,Personal Care,S0028,53.44,98.54,23,63
P00627,Product 00627,Personal Care,S0006,78.71,102.32,26,97
P00628,Product 00628,Home,S0084,41.03,74.77,22,64
P00629,Product 00629,Personal Care,S0073,88.57,162.46,9,24
P00630,Product 00630,Outdoor,S0043,66.7,98.33,12,70
P00631,Product 00631,Outdoor,S0044,32.1,51.8,8,79
P00632,Product 00632,Electronics,S0031,6.33,12.9,8,109
P00633,Product 00633,Industrial,S0056,51.75,77.44,26,42
P00634,Product 00634,Outdoor,S0023,61.96,133.03,30,36
P00635,Product 00635,Outdoor,S0019,72.53,124.0,12,79
P00636,Product 00636,Outdoor,S0071,43.45,72.22,27,36
P00637,Product 00637,Home,S0081,24.42,42.25,11,56
P00638,Product 00638,Electronics,S0029,49.81,86.89,9,15
P00639,Product 00639,Home,S0032,43.67,83.59,13,65
P00640,Product 00640,Automotive,S0117,30.62,47.89,5,87
P00641,Product 00641,Office,S0072,151.08,269.69,8,108
P00642,Product 00642,Industrial,S0035,56.87,80.26,9,100
P00643,Product 00643,Office,S0016,123.07,162.51,14,16
P00644,Product 00644,Home,S0078,54.94,86.36,19,15
P00645,Product 00645,Electronics,S0044,46.75,60.48,17,63
P00646,Product 00646,Industrial,S0005,125.9,254.01,26,46
P00647,Product 00647,Home,S0098,10.26,14.96,10,17
P00648,Product 00648,Electronics,S0019,49.4,61.14,28,70
P00649,Product 00649,Automotive,S0017,17.45,37.27,27,98
P00650,Product 00650,Office,S0054,128.62,283.3,5,116
P00651,Product 00651,Industrial,S0078,12.55,21.52,18,38
P00652,Product 00652,Outdoor,S0060,87.48,197.85,23,46
P00653,Product 00653,Outdoor,S0089,22.34,47.97,16,19
P00654,Product 00654,Personal Care,S0106,43.26,77.47,16,80
P00655,Product 00655,Outdoor,S0046,120.51,188.5,30,80
P00656,Product 00656,Industrial,S0089,23.03,51.58,24,86
P00657,Product 00657,Personal Care,S0025,24.54,31.56,30,81
P00658,Product 00658,Outdoor,S0020,37.28,73.19,17,62
P00659,Product 00659,Office,S0038,48.06,58.8,10,108
P00660,Product 00660,Home,S0058,34.99,76.89,22,55
P00661,Product 00661,Electronics,S0062,23.68,38.94,7,58
P00662,Product 00662,Industrial,S0022,27.68,60.92,19,25
P00663,Product 00663,Industrial,S0100,61.43,106.03,20,30
P00664,Product 00664,Office,S0062,16.38,22.76,6,52
P00665,Product 00665,Outdoor,S0104,58.71,104.45,14,117
P00666,Product 00666,Electronics,S0040,12.86,21.35,6,88
P00667,Product 00667,Home,S0090,29.06,49.55,24,88
P00668,Product 00668,Office,S0078,65.93,112.11,19,51
P00669,Product 00669,Office,S0043,70.61,123.95,30,97
P00670,Product 00670,Automotive,S0111,26.22,36.59,6,40
P00671,Product 00671,Home,S0001,46.96,94.71,20,95
P00672,Product 00672,Home,S0103,33.83,54.14,15,43
P00673,Product 00673,Home,S0018,31.72,57.49,11,116
P00674,Product 00674,Electronics,S0050,34.81,48.31,18,89
P00675,Product 00675,Personal Care,S0040,98.4,220.49,26,44
P00676,Product 00676,Home,S0031,135.23,308.81,27,83
P00677,Product 00677,Office,S0019,18.26,33.91,5,61
P00678,Product 00678,Automotive,S0108,15.25,20.02,23,109
P00679,Product 00679,Office,S0099,26.6,46.47,15,36
P00680,Product 00680,Personal Care,S0086,27.48,50.32,27,75
P00681,Product 00681,Automotive,S0039,46.02,72.27,16,80
P00682,Product 00682,Automotive,S0032,206.59,322.82,12,98
P00683,Product 00683,Outdoor,S0009,22.01,38.02,11,47
P00684,Product 00684,Personal Care,S0015,45.87,80.41,15,31
P00685,Product 00685,Home,S0107,43.31,73.78,5,61
P00686,Product 00686,Outdoor,S0015,74.09,154.08,23,46
P00687,Product 00687,Electronics,S0085,177.28,371.74,15,59
P00688,Product 00688,Electronics,S0096,33.78,52.49,21,45
P00689,Product 00689,Electronics,S0085,32.78,57.17,23,55
P00690,Product 00690,Outdoor,S0119,52.55,74.12,12,86
P00691,Product 00691,Outdoor,S0063,19.7,34.27,28,47
P00692,Product 00692,Personal Care,S0084,24.6,40.17,18,44
P00693,Product 00693,Automotive,S0060,8.89,16.47,11,34
P00694,Product 00694,Automotive,S0026,12.42,17.67,25,53
P00695,Product 00695,Personal Care,S0093,292.28,666.67,9,66
P00696,Product 00696,Personal Care,S0085,113.3,210.74,19,34
P00697,Product 00697,Outdoor,S0098,29.74,57.28,28,61
P00698,Product 00698,Outdoor,S0035,19.65,33.12,21,48
P00699,Product 00699,Industrial,S0002,44.3,63.74,13,26
P00700,Product 00700,Automotive,S0116,26.96,34.36,6,68
P00701,Product 00701,Industrial,S0022,60.07,72.36,8,70
P00702,Product 00702,Office,S0030,17.43,31.14,29,23
P00703,Product 00703,Home,S0038,44.24,71.99,12,67
P00704,Product 00704,Personal Care,S0119,24.08,45.5,18,94
P00705,Product 00705,Personal Care,S0009,55.06,107.5,14,100
P00706,Product 00706,Office,S0064,69.09,96.85,18,29
P00707,Product 00707,Personal Care,S0020,20.64,46.56,5,86
P00708,Product 00708,Outdoor,S0011,51.94,78.66,28,56
P00709,Product 00709,Outdoor,S0094,115.13,169.72,10,98
P00710,Product 00710,Industrial,S0120,17.03,30.28,25,91
P00711,Product 00711,Home,S0080,27.27,45.75,17,119
P00712,Product 00712,Office,S0035,166.52,282.37,25,45
P00713,Product 00713,Office,S0022,35.97,81.69,27,47
P00714,Product 00714,Personal Care,S0029,61.82,91.63,5,50
P00715,Product 00715,Home,S0046,27.35,53.11,22,70
P00716,Product 00716,Personal Care,S0010,51.42,81.03,18,104
P00717,Product 00717,Outdoor,S0048,90.47,145.27,10,114
P00718,Product 00718,Home,S0029,15.63,27.91,22,18
P00719,Product 00719,Electronics,S0012,99.0,157.73,25,104
P00720,Product 00720,Outdoor,S0032,31.37,55.92,14,25
P00721,Product 00721,Office,S0074,41.76,79.32,9,110
P00722,Product 00722,Electronics,S0027,78.82,177.73,23,109
P00723,Product 00723,Home,S0053,53.53,99.57,11,104
P00724,Product 00724,Industrial,S0026,45.27,99.09,6,54
P00725,Product 00725,Electronics,S0076,361.53,635.66,19,42
P00726,Product 00726,Office,S0008,25.91,36.37,14,68
P00727,Product 00727,Industrial,S0100,48.38,83.99,6,76
P00728,Product 00728,Electronics,S0030,34.56,62.37,24,53
P00729,Product 00729,Automotive,S0053,9.75,19.45,9,103
P00730,Product 00730,Industrial,S0002,43.49,55.41,24,59
P00731,Product 00731,Office,S0067,174.69,373.13,21,68
P00732,Product 00732,Electronics,S0071,78.73,146.98,10,70
P00733,Product 00733,Electronics,S0061,19.4,30.68,16,103
P00734,Product 00734,Automotive,S0069,22.97,33.52,15,25
P00735,Product 00735,Office,S0093,42.66,82.69,22,20
P00736,Product 00736,Personal Care,S0070,58.16,106.14,26,117
P00737,Product 00737,Office,S0046,27.38,57.8,30,37
P00738,Product 00738,Office,S0028,84.5,173.47,6,89
P00739,Product 00739,Home,S0027,104.96,149.73,18,59
P00740,Product 00740,Industrial,S0097,43.61,64.62,12,70
P00741,Product 00741,Electronics,S0027,36.8,80.97,12,48
P00742,Product 00742,Automotive,S0081,12.09,16.8,15,55
P00743,Product 00743,Electronics,S0052,18.05,35.11,6,111
P00744,Product 00744,Home,S0090,38.16,46.54,13,12
P00745,Product 00745,Home,S0005,44.29,56.01,13,109
P00746,Product 00746,Electronics,S0064,73.34,92.91,15,117
P00747,Product 00747,Electronics,S0080,143.43,265.59,25,36
P00748,Product 00748,Home,S0003,100.56,204.1,5,68
P00749,Product 00749,Personal Care,S0023,26.02,52.85,18,116
P00750,Product 00750,Home,S0066,90.8,129.57,25,44
P00751,Product 00751,Outdoor,S0069,14.64,32.89,22,73
P00752,Product 00752,Automotive,S0102,102.96,171.94,16,87
P00753,Product 00753,Electronics,S0103,27.9,46.38,18,71
P00754,Product 00754,Automotive,S0085,63.66,100.13,26,62
P00755,Product 00755,Home,S0089,19.62,36.94,8,114
P00756,Product 00756,Electronics,S0098,19.26,23.12,19,89
P00757,Product 00757,Home,S0068,27.86,54.41,7,89
P00758,Product 00758,Home,S0073,37.26,64.7,22,108
P00759,Product 00759,Industrial,S0090,61.72,82.24,10,40
P00760,Product 00760,Office,S0016,28.56,40.25,13,79
P00761,Product 00761,Automotive,S0099,60.83,137.57,24,42
P00762,Product 00762,Automotive,S0050,48.65,82.44,9,85
P00763,Product 00763,Outdoor,S0078,23.7,36.72,7,37
P00764,Product 00764,Office,S0058,96.61,213.91,6,110
P00765,Product 00765,Electronics,S0072,20.8,28.42,19,93
P00766,Product 00766,Personal Care,S0010,103.19,223.24,14,46
P00767,Product 00767,Industrial,S0014,260.17,380.22,13,96
P00768,Product 00768,Electronics,S0027,96.02,139.78,8,34
P00769,Product 00769,Office,S0088,144.45,201.53,9,23
P00770,Product 00770,Home,S0073,56.51,112.95,7,80
P00771,Product 00771,Electronics,S0046,32.74,43.08,28,93
P00772,Product 00772,Outdoor,S0120,61.93,75.67,8,78
P00773,Product 00773,Industrial,S0062,13.59,27.24,30,88
P00774,Product 00774,Electronics,S0091,63.47,133.05,15,106
P00775,Product 00775,Electronics,S0026,21.54,30.31,25,44
P00776,Product 00776,Office,S0053,2.95,6.65,25,71
P00777,Product 00777,Electronics,S0004,148.59,246.32,30,26
P00778,Product 00778,Industrial,S0072,87.82,200.73,12,33
P00779,Product 00779,Office,S0056,10.17,21.23,25,26
P00780,Product 00780,Automotive,S0055,40.39,59.81,10,13
P00781,Product 00781,Office,S0086,178.54,253.08,30,14
P00782,Product 00782,Industrial,S0051,106.83,165.0,28,46
P00783,Product 00783,Personal Care,S0017,70.63,143.19,13,66
P00784,Product 00784,Personal Care,S0038,35.74,44.79,28,19
P00785,Product 00785,Industrial,S0085,131.1,224.35,5,53
P00786,Product 00786,Personal Care,S0007,67.83,95.81,28,96
P00787,Product 00787,Home,S0038,23.64,51.78,13,95
P00788,Product 00788,Home,S0031,71.26,93.97,22,86
P00789,Product 00789,Outdoor,S0091,77.0,122.21,18,18
P00790,Product 00790,Industrial,S0115,26.88,61.22,9,103
P00791,Product 00791,Outdoor,S0063,27.4,53.67,28,23
P00792,Product 00792,Home,S0079,14.24,26.13,24,74
P00793,Product 00793,Electronics,S0045,141.93,258.31,19,94
P00794,Product 00794,Office,S0105,119.35,186.28,10,17
P00795,Product 00795,Outdoor,S0006,48.57,104.34,15,115
P00796,Product 00796,Automotive,S0118,23.85,39.42,18,109
P00797,Product 00797,Home,S0089,150.08,246.89,17,15
P00798,Product 00798,Personal Care,S0091,19.31,44.11,20,29
P00799,Product 00799,Outdoor,S0033,56.71,77.44,9,12
P00800,Product 00800,Automotive,S0099,46.39,56.17,10,34
P00801,Product 00801,Industrial,S0006,11.78,15.19,14,23
P00802,Product 00802,Home,S0018,70.69,100.75,10,70
P00803,Product 00803,Home,S0112,55.86,78.36,19,49
P00804,Product 00804,Outdoor,S0101,112.18,239.07,12,64
P00805,Product 00805,Outdoor,S0063,29.57,51.59,10,45
P00806,Product 00806,Personal Care,S0040,19.1,36.98,26,20
P00807,Product 00807,Industrial,S0056,59.15,129.97,29,88
P00808,Product 00808,Home,S0115,46.84,95.53,5,23
P00809,Product 00809,Industrial,S0074,19.68,33.0,17,11
P00810,Product 00810,Home,S0083,52.62,116.77,30,52
P00811,Product 00811,Automotive,S0116,111.47,245.86,13,46
P00812,Product 00812,Automotive,S0112,5.11,9.37,9,30
P00813,Product 00813,Home,S0078,7.81,13.45,22,60
P00814,Product 00814,Office,S0115,11.18,24.95,28,57
P00815,Product 00815,Industrial,S0117,28.69,36.67,16,46
P00816,Product 00816,Office,S0079,12.99,26.45,20,78
P00817,Product 00817,Office,S0047,68.51,114.64,28,22
P00818,Product 00818,Office,S0117,52.34,89.44,15,105
P00819,Product 00819,Personal Care,S0010,123.17,243.41,24,98
P00820,Product 00820,Electronics,S0070,57.21,78.26,26,103
P00821,Product 00821,Outdoor,S0084,170.01,319.72,18,66
P00822,Product 00822,Home,S0062,98.9,119.38,26,23
P00823,Product 00823,Home,S0048,19.2,37.7,18,60
P00824,Product 00824,Office,S0104,37.68,70.88,11,91
P00825,Product 00825,Personal Care,S0058,33.78,53.18,5,88
P00826,Product 00826,Personal Care,S0109,11.38,19.55,15,96
P00827,Product 00827,Industrial,S0084,7.97,13.11,10,32
P00828,Product 00828,Outdoor,S0022,39.4,75.89,14,108
P00829,Product 00829,Electronics,S0007,66.52,128.11,11,58
P00830,Product 00830,Outdoor,S0043,41.9,65.62,5,99
P00831,Product 00831,Automotive,S0016,17.74,34.74,5,83
P00832,Product 00832,Electronics,S0089,87.37,106.2,27,37
P00833,Product 00833,Automotive,S0081,49.77,64.55,16,34
P00834,Product 00834,Outdoor,S0091,74.1,149.47,26,13
P00835,Product 00835,Outdoor,S0071,10.73,15.32,11,43
P00836,Product 00836,Personal Care,S0074,20.38,37.84,28,80
P00837,Product 00837,Personal Care,S0075,19.48,36.39,23,12
P00838,Product 00838,Electronics,S0081,21.15,42.57,14,112
P00839,Product 00839,Electronics,S0072,137.56,224.31,23,26
P00840,Product 00840,Home,S0024,16.43,35.05,8,93
P00841,Product 00841,Industrial,S0068,55.24,96.5,8,60
P00842,Product 00842,Office,S0041,4.89,6.1,15,36
P00843,Product 00843,Personal Care,S0088,49.07,106.61,29,107
P00844,Product 00844,Automotive,S0083,5.87,11.19,8,64
P00845,Product 00845,Industrial,S0048,51.42,94.81,16,62
P00846,Product 00846,Industrial,S0066,84.2,141.07,7,33
P00847,Product 00847,Electronics,S0046,65.11,146.8,12,41
P00848,Product 00848,Office,S0106,190.27,430.13,6,75
P00849,Product 00849,Electronics,S0063,35.07,43.59,13,53
P00850,Product 00850,Personal Care,S0065,5.96,12.61,26,12
P00851,Product 00851,Home,S0042,43.8,54.38,17,111
P00852,Product 00852,Automotive,S0040,34.27,52.74,6,17
P00853,Product 00853,Outdoor,S0002,24.05,38.55,26,86
P00854,Product 00854,Personal Care,S0086,10.85,22.93,21,114
P00855,Product 00855,Outdoor,S0001,6.51,10.64,10,103
P00856,Product 00856,Home,S0033,34.99,42.0,11,116
P00857,Product 00857,Outdoor,S0051,30.82,51.65,17,79
P00858,Product 00858,Industrial,S0066,46.74,88.89,27,96
P00859,Product 00859,Outdoor,S0058,71.51,96.37,13,69
P00860,Product 00860,Home,S0075,149.29,238.13,13,14
P00861,Product 00861,Industrial,S0110,30.8,58.64,15,70
P00862,Product 00862,Personal Care,S0097,45.68,67.65,22,40
P00863,Product 00863,Outdoor,S0006,60.58,120.72,22,80
P00864,Product 00864,Personal Care,S0105,67.92,93.2,18,49
P00865,Product 00865,Automotive,S0003,21.87,29.56,5,62
P00866,Product 00866,Home,S0108,28.87,36.38,29,44
P00867,Product 00867,Electronics,S0108,90.53,145.73,5,20
P00868,Product 00868,Office,S0038,19.51,44.03,19,20
P00869,Product 00869,Industrial,S0015,17.34,28.34,22,93
P00870,Product 00870,Home,S0004,104.85,203.26,29,68
P00871,Product 00871,Industrial,S0080,48.56,58.72,30,112
P00872,Product 00872,Automotive,S0097,44.85,65.4,10,61
P00873,Product 00873,Outdoor,S0096,118.18,213.46,24,75
P00874,Product 00874,Industrial,S0087,100.07,227.21,24,79
P00875,Product 00875,Electronics,S0094,87.1,183.19,25,20
P00876,Product 00876,Automotive,S0112,21.33,26.64,26,118
P00877,Product 00877,Personal Care,S0072,16.32,24.93,24,45
P00878,Product 00878,Industrial,S0110,30.97,54.28,25,107
P00879,Product 00879,Industrial,S0065,9.51,13.73,13,45
P00880,Product 00880,Electronics,S0098,194.17,436.06,16,92
P00881,Product 00881,Office,S0062,64.96,102.14,25,100
P00882,Product 00882,Personal Care,S0120,21.59,30.81,11,86
P00883,Product 00883,Home,S0071,24.81,38.96,30,113
P00884,Product 00884,Industrial,S0078,87.65,124.01,10,52
P00885,Product 00885,Personal Care,S0012,41.28,70.51,9,16
P00886,Product 00886,Electronics,S0028,134.07,252.09,25,98
P00887,Product 00887,Industrial,S0094,68.54,88.43,6,31
P00888,Product 00888,Personal Care,S0070,40.08,77.98,27,81
P00889,Product 00889,Industrial,S0067,28.86,47.49,27,106
P00890,Product 00890,Electronics,S0034,9.75,21.66,17,74
P00891,Product 00891,Automotive,S0080,112.11,204.08,17,68
P00892,Product 00892,Office,S0069,177.85,319.57,21,49
P00893,Product 00893,Industrial,S0102,40.05,58.89,11,73
P00894,Product 00894,Industrial,S0027,129.61,297.39,9,21
P00895,Product 00895,Personal Care,S0019,71.66,135.0,25,17
P00896,Product 00896,Home,S0107,36.62,53.06,28,50
P00897,Product 00897,Home,S0019,36.23,51.3,15,95
P00898,Product 00898,Electronics,S0096,118.09,177.59,16,47
P00899,Product 00899,Outdoor,S0061,89.51,138.2,25,110
P00900,Product 00900,Industrial,S0027,151.82,187.06,11,69
P00901,Product 00901,Electronics,S0045,98.11,121.35,10,118
P00902,Product 00902,Home,S0037,59.3,103.9,29,37
P00903,Product 00903,Home,S0106,35.96,60.95,6,118
P00904,Product 00904,Office,S0083,17.91,33.99,30,28
P00905,Product 00905,Home,S0117,66.97,150.51,26,59
P00906,Product 00906,Industrial,S0053,31.4,71.14,7,28
P00907,Product 00907,Home,S0003,95.04,132.2,24,67
P00908,Product 00908,Electronics,S0114,30.47,44.58,11,12
P00909,Product 00909,Office,S0004,43.49,78.37,20,59
P00910,Product 00910,Office,S0034,214.09,407.99,13,34
P00911,Product 00911,Automotive,S0056,11.95,24.38,29,85
P00912,Product 00912,Home,S0017,39.5,47.75,19,103
P00913,Product 00913,Automotive,S0054,23.37,28.8,12,25
P00914,Product 00914,Electronics,S0067,116.84,254.21,17,59
P00915,Product 00915,Personal Care,S0081,41.69,66.81,27,101
P00916,Product 00916,Personal Care,S0093,27.95,46.39,21,99
P00917,Product 00917,Personal Care,S0056,24.95,49.5,15,73
P00918,Product 00918,Electronics,S0110,17.07,37.1,22,24
P00919,Product 00919,Automotive,S0006,156.17,250.81,21,105
P00920,Product 00920,Home,S0013,26.58,34.59,5,67
P00921,Product 00921,Automotive,S0078,103.93,198.33,25,44
P00922,Product 00922,Home,S0033,206.19,461.1,20,27
P00923,Product 00923,Industrial,S0069,38.73,54.37,9,116
P00924,Product 00924,Outdoor,S0039,73.45,124.8,18,57
P00925,Product 00925,Personal Care,S0074,61.26,99.22,6,107
P00926,Product 00926,Office,S0077,36.8,79.77,15,110
P00927,Product 00927,Industrial,S0041,249.02,412.6,18,41
P00928,Product 00928,Home,S0009,89.69,118.49,10,107
P00929,Product 00929,Personal Care,S0029,40.94,74.87,29,22
P00930,Product 00930,Office,S0087,171.22,292.55,28,109
P00931,Product 00931,Outdoor,S0082,28.87,59.8,16,40
P00932,Product 00932,Office,S0082,16.75,34.75,21,39
P00933,Product 00933,Home,S0022,28.25,52.92,5,36
P00934,Product 00934,Office,S0052,11.5,19.8,21,12
P00935,Product 00935,Electronics,S0031,45.67,100.09,5,45
P00936,Product 00936,Personal Care,S0017,81.29,176.9,5,23
P00937,Product 00937,Office,S0020,149.35,275.72,16,11
P00938,Product 00938,Outdoor,S0049,24.38,39.23,18,102
P00939,Product 00939,Home,S0003,20.52,43.03,30,46
P00940,Product 00940,Automotive,S0057,80.27,140.25,29,112
P00941,Product 00941,Electronics,S0076,22.47,46.77,28,24
P00942,Product 00942,Home,S0075,18.28,37.83,28,87
P00943,Product 00943,Personal Care,S0101,102.88,143.52,8,64
P00944,Product 00944,Outdoor,S0112,37.34,54.9,21,69
P00945,Product 00945,Electronics,S0064,37.11,48.58,13,110
P00946,Product 00946,Electronics,S0053,81.75,162.79,23,89
P00947,Product 00947,Industrial,S0104,59.53,133.5,12,64
P00948,Product 00948,Office,S0031,76.34,125.93,10,97
P00949,Product 00949,Outdoor,S0070,160.91,356.92,7,50
P00950,Product 00950,Office,S0098,30.25,42.57,24,79
P00951,Product 00951,Outdoor,S0032,34.85,78.07,24,114
P00952,Product 00952,Outdoor,S0041,42.47,94.55,27,103
P00953,Product 00953,Automotive,S0004,16.89,32.12,14,38
P00954,Product 00954,Office,S0005,24.19,51.57,25,72
P00955,Product 00955,Personal Care,S0051,13.17,20.14,25,54
P00956,Product 00956,Outdoor,S0057,28.33,47.11,25,75
P00957,Product 00957,Office,S0001,31.09,40.62,16,91
P00958,Product 00958,Electronics,S0010,118.41,143.77,29,81
P00959,Product 00959,Automotive,S0116,103.2,201.95,29,14
P00960,Product 00960,Automotive,S0013,21.01,45.22,29,58
P00961,Product 00961,Electronics,S0064,304.01,421.39,16,118
P00962,Product 00962,Outdoor,S0024,15.73,32.65,12,34
P00963,Product 00963,Automotive,S0050,87.7,118.7,10,33
P00964,Product 00964,Electronics,S0071,58.2,90.04,13,15
P00965,Product 00965,Personal Care,S0002,8.44,13.09,29,40
P00966,Product 00966,Electronics,S0095,23.75,54.09,10,29
P00967,Product 00967,Industrial,S0027,90.88,123.07,9,88
P00968,Product 00968,Industrial,S0039,49.93,86.8,12,19
P00969,Product 00969,Industrial,S0057,167.77,358.66,5,13
P00970,Product 00970,Automotive,S0090,30.22,62.79,16,91
P00971,Product 00971,Outdoor,S0006,59.23,129.07,6,38
P00972,Product 00972,Personal Care,S0012,96.88,117.26,5,28
P00973,Product 00973,Industrial,S0058,20.34,43.21,24,21
P00974,Product 00974,Office,S0004,88.5,139.36,29,10
P00975,Product 00975,Electronics,S0085,44.73,101.65,6,41
P00976,Product 00976,Personal Care,S0047,52.39,66.29,16,22
P00977,Product 00977,Industrial,S0101,11.55,20.39,19,34
P00978,Product 00978,Outdoor,S0024,68.42,150.83,10,43
P00979,Product 00979,Home,S0028,37.38,85.29,5,34
P00980,Product 00980,Personal Care,S0078,68.42,126.02,5,91
P00981,Product 00981,Home,S0067,14.35,29.4,25,101
P00982,Product 00982,Office,S0115,111.13,243.25,11,90
P00983,Product 00983,Home,S0104,20.18,36.72,27,56
P00984,Product 00984,Electronics,S0003,57.55,83.14,21,11
P00985,Product 00985,Office,S0071,80.17,107.82,5,107
P00986,Product 00986,Home,S0027,6.25,8.14,15,62
P00987,Product 00987,Automotive,S0119,55.96,102.33,30,19
P00988,Product 00988,Office,S0080,46.9,67.79,19,28
P00989,Product 00989,Automotive,S0027,27.46,53.75,8,21
P00990,Product 00990,Outdoor,S0040,42.34,92.54,6,41
P00991,Product 00991,Home,S0109,47.19,85.01,8,70
P00992,Product 00992,Outdoor,S0119,100.91,174.48,30,47
P00993,Product 00993,Electronics,S0091,91.95,157.53,14,59
P00994,Product 00994,Home,S0062,85.07,114.13,23,46
P00995,Product 00995,Home,S0045,31.11,56.28,8,49
P00996,Product 00996,Outdoor,S0049,121.17,204.52,23,119
P00997,Product 00997,Automotive,S0110,88.36,110.47,29,66
P00998,Product 00998,Outdoor,S0020,24.05,37.83,15,116
P00999,Product 00999,Automotive,S0089,64.92,80.21,6,105
P01000,Product 01000,Personal Care,S0057,4.61,7.1,11,63
